date,Açıklama,Kategori,İşlem Tutarı*,Tutar Aralığı
2025-04-23 20:38:45,FLYPEGASUS PGS364236639 ISTANBUL 6233,transportation,-2300.0,[2000-5000]
2025-04-23 18:54:59,7036 ISTANBUL SABANCI UNIISTANBUL 6233,education,-168.69,[100-500]
2025-04-22 19:02:35,EATALY-ZORLU YAPI YATIRIMISTANBUL 6233,food,-125.0,[100-500]
2025-04-22 18:54:51,EATALY-ZORLU YAPI YATIRIMISTANBUL 6233,food,-594.0,[500-1000]
2025-04-22 16:21:12,GUR-SEL TURIZM ISTANBUL 6233,transportation,-150.0,[100-500]
2025-04-21 20:26:56,PAYTR/MATIK ISTANBUL 6233,other,-32.0,[0-100]
2025-04-21 20:06:37,MONEYPAY/MIGROSONE ISTANBUL 6233,market & shopping,-1293.21,[1000-2000]
2025-04-21 11:52:52,KUCUK EV SABANCI UNIVER ISTANBUL 6233,food,-166.0,[100-500]
2025-04-20 20:54:10,INTIBA ISTANBUL 6233,food,-550.0,[500-1000]
2025-04-19 21:12:34,BILETINIAL BILET BASIM VEISTANBUL 6233,travel,-471.0,[100-500]
2025-04-19 19:21:57,MIMOZA RESTAURANT ISTANBUL 6233,food,-1500.0,[1000-2000]
2025-04-19 17:25:45,NOMU PAY ODE*WWW.ISTANB ISTANBUL 6233,other,-102.5,[100-500]
2025-04-19 16:45:59,ADALAR VAKFI ISTANBUL 6233,other,-100.0,[0-100]
2025-04-19 16:11:47,ADALAR VAKFI ISTANBUL 6233,other,-120.0,[100-500]
2025-04-19 15:39:01,BUYUKADA YASAM MERKE ISTANBUL 6233,other,-310.0,[100-500]
2025-04-19 13:23:05,BELBIM KART KABUL SATIS ISTANBUL 6233,market & shopping,-110.0,[100-500]
2025-04-19 12:18:54,NOMU PAY ODE*WWW.ISTANB ISTANBUL 6233,other,-51.0,[0-100]
2025-04-18 19:54:43,YEMEKSEPETI MARKET ISTANBUL 6233,market & shopping,-1175.85,[1000-2000]
2025-04-18 16:43:40,7036 ISTANBUL SABANCI UNIISTANBUL 6233,education,-140.0,[100-500]
2025-04-18 14:07:04,SBX IST SABANCI UNIVERS ISTANBUL 6233,food,-160.0,[100-500]
2025-04-17 11:18:15,SBX IST SABANCI UNIVERS ISTANBUL 6233,food,-247.0,[100-500]
2025-04-17 01:28:24,BEYOGLU KOKOREC KOCAELI 6233,food,-100.0,[0-100]
2025-04-16 21:21:04,PIZZA RESTAURANTLARI ISTANBUL 6233,food,-135.0,[100-500]
2025-04-16 10:23:17,PAYTR/MATIK ISTANBUL 6233,other,-15.0,[0-100]
2025-04-16 10:19:05,SATI KARGI ISTANBUL 6233,other,-50.0,[0-100]
2025-04-15 22:17:04,PAYTR/MATIK ISTANBUL 6233,other,-20.0,[0-100]
2025-04-15 22:08:03,PAYTR/MATIK ISTANBUL 6233,other,-25.0,[0-100]
2025-04-14 22:48:19,GOETHE-INSTITUT 6233,education,-9900.0,[5000+]
2025-04-14 16:58:06,PAYTR /MATIK ISTANBUL 6233,other,-18.0,[0-100]
2025-04-14 15:14:49,SABANCI UNIVERSITE ISTANBUL 6233,education,-500.0,[100-500]
2025-04-14 14:08:28,HOMER KITAPEVI ISTANBUL 6233,education,-152.0,[100-500]
2025-04-14 13:42:37,IYZICO*UNICOURSE TEKNOL ISTANBUL 6233,market & shopping,-1599.2,[1000-2000]
2025-04-13 20:05:04,MIGROS KURTKOY LENS AVM ISTANBUL 6233,market & shopping,-578.8,[500-1000]
2025-04-13 19:01:20,KAHVE DUNYASI ISTANBUL ISTANBUL 6233,dessert,-150.0,[100-500]
2025-04-13 18:02:55,KIRMIZI KEDI LENS ISTAN ISTANBUL 6233,other,-375.5,[100-500]
2025-04-13 16:40:40,HOOK RESTORANT ISTANBUL 6233,food,-510.0,[500-1000]
2025-04-13 10:47:37,PAYTR /MATIK ISTANBUL 6233,other,-15.0,[0-100]
2025-04-13 10:11:40,SBX IST SABANCI UNIVERS ISTANBUL 6233,food,-145.0,[100-500]
2025-04-12 18:43:18,PAYTR /MATIK ISTANBUL 6233,other,-34.0,[0-100]
2025-04-12 18:39:25,YEMEKSEPETI ISTANBUL 6233,food,-320.0,[100-500]
2025-04-12 13:15:21,SBX IST SABANCI UNIVERS ISTANBUL 6233,food,-224.0,[100-500]
2025-04-12 13:12:32,SBX IST SABANCI UNIVERS ISTANBUL 6233,food,-305.0,[100-500]
2025-04-12 13:11:33,SBX IST SABANCI UNIVERS ISTANBUL 6233,food,-305.0,[100-500]
2025-04-11 22:38:38,YEMEKSEPETI ISTANBUL 6233,food,-260.0,[100-500]
2025-04-11 12:47:46,SABANCI COFFY ISTANBUL 6233,coffee,-135.0,[100-500]
2025-04-11 12:37:03,PAYTR /MATIK ISTANBUL 6233,other,-18.0,[0-100]
2025-04-11 12:36:11,PAYTR /MATIK ISTANBUL 6233,other,-18.0,[0-100]
2025-04-11 00:34:16,SEVIMLI PILAV ISTANBUL 6233,food,-90.0,[0-100]
2025-04-10 20:12:23,HMR RESTORAN GIDA ISTANBUL 6233,food,-145.0,[100-500]
2025-04-10 18:21:58,IYZICO*UDEMY.COM ISTANBUL 6233,market & shopping,-129.99,[100-500]
2025-04-10 17:56:06,PIZZA RESTAURANTLARI ISTANBUL 6233,food,-80.0,[0-100]
2025-04-10 01:09:41,YEMEKSEPETI ISTANBUL 6233,food,-579.8,[500-1000]
2025-04-10 00:28:18,YEMEKSEPETI ISTANBUL 6233,food,-455.0,[100-500]
2025-04-09 21:43:14,"ÜCRET H2504496955844 220,00 TRY ÜZ.",money_transfer,-6.39,[0-100]
2025-04-09 21:43:14,KARYA SERT*TR870006701000000035800068*DOĞA KURTOĞLU TARAFINDAN AKTARILAN*2291156146 H2504496955844*FAST,money_transfer,-220.0,[100-500]
2025-04-08 17:41:32,KUCUK EV SABANCI UNIVER ISTANBUL 6233,food,-215.0,[100-500]
2025-04-08 17:05:45,PAYTR /MATIK ISTANBUL 6233,other,-20.0,[0-100]
2025-04-08 17:04:31,PAYTR /MATIK ISTANBUL 6233,other,-18.0,[0-100]
2025-04-08 11:21:48,"ÜCRET H2504489609775 250,00 TRY ÜZ.",money_transfer,-6.39,[0-100]
2025-04-08 11:21:48,KEREM SIRTIKIZIL*TR050004600115888000242620*DOĞA KURTOĞLU TARAFINDAN AKTARILAN*2286990380 H2504489609775*FAST,money_transfer,-250.0,[100-500]
2025-04-07 22:15:20,HMR RESTORAN GIDA ISTANBUL 6233,food,-355.0,[100-500]
2025-04-07 17:36:14,SABANCI UNIVERSITE ISTANBUL 6233,education,-500.0,[100-500]
2025-04-06 17:45:08,PAYTR /MATIK ISTANBUL 6233,other,-20.0,[0-100]
2025-04-06 12:21:18,KUCUK EV SABANCI UNIVER ISTANBUL 6233,food,-330.0,[100-500]
2025-04-05 21:23:41,PAYTR /MATIK ISTANBUL 6233,other,-20.0,[0-100]
2025-04-05 17:49:55,KUCUK EV SABANCI UNIVER ISTANBUL 6233,food,-152.5,[100-500]
2025-04-03 22:43:52,DERYA TAS CESME MARK IZMIR 6233,other,-595.0,[500-1000]
2025-04-03 18:16:40,SBX IZM GUZELBAHCE YELK IZMIR 6233,food,-294.0,[100-500]
2025-03-29 14:18:01,WWW.TRENDYOL.COM ISTANBUL 6233,clothing,-583.52,[500-1000]
2025-03-28 17:47:54,YEMEKSEPETI ISTANBUL 6233,food,-205.99,[100-500]
2025-03-28 14:12:46,KUCUK EV SABANCI UNIVER ISTANBUL 6233,food,-253.0,[100-500]
2025-03-27 19:33:14,PAYTR /MATIK ISTANBUL 6233,other,-16.0,[0-100]
2025-03-27 18:15:45,IYZICO*UDEMY.COM ISTANBUL 6233,market & shopping,-769.98,[500-1000]
2025-03-27 16:45:33,YEMEKSEPETI ISTANBUL 6233,food,-228.99,[100-500]
2025-03-27 12:14:45,SBX IST SABANCI UNIVERS ISTANBUL 6233,food,-65.0,[0-100]
2025-03-26 22:48:01,SPOTIFY 6233,subscriptions,-59.99,[0-100]
2025-03-26 17:03:41,IYZICO*UNICOURSE TEKNOL ISTANBUL 6233,market & shopping,-1999.0,[1000-2000]
2025-03-26 15:15:33,PIZZA RESTAURANTLARI ISTANBUL 6233,food,-80.0,[0-100]
2025-03-25 22:48:20,LINKEDINPRE *03416033 6233,other,-1708.36,[1000-2000]
2025-03-25 18:02:33,SABANCI UNIVERSITE ISTANBUL 6233,education,-500.0,[100-500]
2025-03-25 15:54:23,PIZZA RESTAURANTLARI ISTANBUL 6233,food,-70.0,[0-100]
2025-03-24 18:00:32,SABANCI UNIVERSITESI ISTANBUL 6233,education,-100.0,[0-100]
2025-03-24 12:52:22,PIZZA RESTAURANTLARI ISTANBUL 6233,food,-85.0,[0-100]
2025-03-24 00:50:29,SARIYER METRO BOREKC ISTANBUL 6233,other,-40.0,[0-100]
2025-03-23 23:23:04,BELBIM ELEKTRONIK PARA ISTANBUL 6233,market & shopping,-51.75,[0-100]
2025-03-23 19:28:38,"ÜCRET H2503413592191 420,00 TRY ÜZ.",money_transfer,-6.39,[0-100]
2025-03-23 19:28:38,DENİZ DEMİRKOL*TR570004600256888000126285*KEREM DOĞA*2247910473 H2503413592191*FAST,money_transfer,-420.0,[100-500]
2025-03-23 12:47:59,KUCUK EV SABANCI UNIVER ISTANBUL 6233,food,-175.0,[100-500]
2025-03-23 02:28:32,BEYOGLU KOKOREC KOCAELI 6233,food,-255.0,[100-500]
2025-03-22 18:43:14,SIMIT SARAYI ISTANBUL 6233,food,-120.0,[100-500]
2025-03-22 17:14:47,BELBIM ELEKTRONIK PARA ISTANBUL 6233,market & shopping,-51.75,[0-100]
2025-03-22 16:38:14,"ÜCRET H2503409122481 150,00 TRY ÜZ.",money_transfer,-6.39,[0-100]
2025-03-22 16:38:14,KEREM SIRTIKIZIL*TR050004600115888000242620*DOĞA KURTOĞLU TARAFINDAN AKTARILAN*2246070126 H2503409122481*FAST,money_transfer,-150.0,[100-500]
2025-03-22 12:18:27,TAMI ODEME 2*TAMI ODEME 2ISTANBUL 6233,other,-120.0,[100-500]
2025-03-22 11:50:24,KUCUK EV SABANCI UNIVER ISTANBUL 6233,food,-140.0,[100-500]
2025-03-21 14:25:39,KUCUK EV SABANCI UNIVER ISTANBUL 6233,food,-286.0,[100-500]
2025-03-21 13:41:06,"ÜCRET H2503404377622 100,00 TRY ÜZ.",money_transfer,-6.39,[0-100]
2025-03-21 13:41:06,UMUT CAN ÇUBUKÇU*TR140004600348888000256804*DOĞA KURTOĞLU TARAFINDAN AKTARILAN*2243263310 H2503404377622*FAST,money_transfer,-100.0,[0-100]
2025-03-21 13:32:07,PAYTR /MATIK ISTANBUL 6233,other,-15.0,[0-100]
2025-03-20 22:01:12,YEMEKSEPETI ISTANBUL 6233,food,-669.8,[500-1000]
2025-03-20 14:57:40,TAMI ODEME 2*TAMI ODEME 2ISTANBUL 6233,other,-250.0,[100-500]
2025-03-20 14:26:29,PAYTR /MATIK ISTANBUL 6233,other,-18.0,[0-100]
2025-03-20 10:26:38,SBX IST SABANCI UNIVERS ISTANBUL 6233,food,-145.0,[100-500]
2025-03-19 15:33:41,PAYTR /MATIK ISTANBUL 6233,other,-26.0,[0-100]
2025-03-19 10:46:05,PAYTR /MATIK ISTANBUL 6233,other,-15.0,[0-100]
2025-03-19 10:40:28,SIMIT SARAYI SABANCI UNIVISTANBUL 6233,food,-100.0,[0-100]
2025-03-18 18:31:44,SBX IST SABANCI UNIVERS ISTANBUL 6233,food,-145.0,[100-500]
2025-03-18 18:10:19,KUCUK EV SABANCI UNIVER ISTANBUL 6233,food,-190.5,[100-500]
2025-03-18 14:58:32,PIZZA RESTAURANTLARI ISTANBUL 6233,food,-20.0,[0-100]
2025-03-17 16:33:58,KAYSERI MUTFAGI ISTANBUL 6233,other,-325.0,[100-500]
2025-03-17 11:25:41,TAMI ODEME 2*TAMI ODEME 2ISTANBUL 6233,other,-90.0,[0-100]
2025-03-17 10:58:35,KUCUK EV SABANCI UNIVER ISTANBUL 6233,food,-140.0,[100-500]
2025-03-16 20:57:37,QNBPAY/MATIK OTOMAT ISTANBUL 6233,other,-34.0,[0-100]
2025-03-16 18:32:34,SELF GIDA SANAYI VE TICARISTANBUL 6233,food,-200.0,[100-500]
2025-03-16 11:50:14,SBX IST SABANCI UNIVERS ISTANBUL 6233,food,-102.0,[100-500]
2025-03-16 11:26:54,KUCUK EV SABANCI UNIVER ISTANBUL 6233,food,-140.0,[100-500]
2025-03-15 22:20:07,SELF GIDA ISTANBUL 6233,food,-240.0,[100-500]
2025-03-15 16:52:08,SABANCI UNIVERSITE ISTANBUL 6233,education,-500.0,[100-500]
2025-03-15 13:33:00,TAMI ODEME 2*TAMI ODEME 2ISTANBUL 6233,other,-120.0,[100-500]
2025-03-14 22:07:25,KIRAZ RESTORAN ISLETMECILISTANBUL 6233,other,-1900.0,[1000-2000]
2025-03-14 17:31:27,BELBIM ELEKTRONIK PARA ISTANBUL 6233,market & shopping,-51.75,[0-100]
2025-03-14 13:07:48,SBX IST SABANCI UNIVERS ISTANBUL 6233,food,-158.0,[100-500]
2025-03-14 01:39:45,IYZICO*DIRK ROSSMANN MA ISTANBUL 6233,market & shopping,-808.4,[500-1000]
2025-03-13 15:19:17,FLYPEGASUS PGS359466352 ISTANBUL 6233,transportation,-2154.37,[2000-5000]
2025-03-13 11:37:45,SIMIT SARAYI SABANCI UNIVISTANBUL 6233,food,-140.0,[100-500]
2025-03-12 10:45:29,TAMI ODEME 2*TAMI ODEME 2ISTANBUL 6233,other,-140.0,[100-500]
2025-03-11 15:24:44,TRENDYOL.COM ISTANBUL 6233,clothing,-1002.98,[1000-2000]
2025-03-11 15:15:53,WWW.TRENDYOL.COM ISTANBUL 6233,clothing,-5514.97,[5000+]
2025-03-11 12:44:30,PIZZA RESTAURANTLARI ISTANBUL 6233,food,-120.0,[100-500]
2025-03-10 21:58:14,KIRAZ RESTORAN ISLETMECILISTANBUL 6233,other,-1676.0,[1000-2000]
2025-03-09 22:02:52,MIGROS KURTKOY LENS AVM ISTANBUL 6233,market & shopping,-749.0,[500-1000]
2025-03-09 21:59:00,MIGROS KURTKOY LENS AVM ISTANBUL 6233,market & shopping,-749.0,[500-1000]
2025-03-09 21:48:55,WATSONS-LENS ISTANBUL 6233,cosmetics,-179.9,[100-500]
2025-03-09 17:49:29,HMR RESTORAN GIDA ISTANBUL 6233,food,-250.0,[100-500]
2025-03-08 15:50:19,IYZICO*UNICOURSE TEKNOL ISTANBUL 6233,market & shopping,-1999.0,[1000-2000]
2025-03-08 15:33:50,FLYPEGASUS PGS358879762 ISTANBUL 6233,transportation,-479.3,[100-500]
2025-03-08 13:48:02,MONEYPAY/MIGROSONE ISTANBUL 6233,market & shopping,-1213.88,[1000-2000]
2025-03-08 12:53:07,KUCUK EV SABANCI UNIVER ISTANBUL 6233,food,-355.0,[100-500]
2025-03-07 17:30:51,KUCUK EV SABANCI UNIVER ISTANBUL 6233,food,-275.0,[100-500]
2025-03-07 09:43:55,SIMIT SARAYI SABANCI UNIVISTANBUL 6233,food,-40.0,[0-100]
2025-03-06 11:33:21,SIMIT SARAYI SABANCI UNIV*TR270013400001659748700001**2203598885 H2503332212240*FAST QR,food,-65.0,[0-100]
2025-03-06 01:26:09,WWW.MEDIAMARKT.COM.TR ISTANBUL 6233,market & shopping,-2199.0,[2000-5000]
2025-03-05 11:15:36,ERA KUAFOR ISTANBUL 6233,cosmetics,-250.0,[100-500]
2025-03-05 08:50:17,WWW.TRENDYOL.COM ISTANBUL 6233,clothing,-3364.99,[2000-5000]
2025-03-04 19:11:40,YEMEKSEPETI ISTANBUL 6233,food,-335.0,[100-500]
2025-03-04 15:41:20,QNBPAY/MATIK OTOMAT ISTANBUL 6233,other,-15.0,[0-100]
2025-03-03 17:50:12,SELF GIDA SANAYI VE TICARISTANBUL 6233,food,-260.0,[100-500]
2025-03-03 15:47:12,QNBPAY/MATIK OTOMAT ISTANBUL 6233,other,-26.0,[0-100]
2025-03-03 11:59:13,SBX IST SABANCI UNIVERS ISTANBUL 6233,food,-145.0,[100-500]
2025-03-01 20:30:17,PARAM.*SUPERSTEP ANKARA 6233,clothing,-7644.95,[5000+]
2025-03-01 17:07:09,SABANCI UNIVERSITE ISTANBUL 6233,education,-500.0,[100-500]
2025-02-27 23:12:03,YEMEKSEPETI MARKET ISTANBUL 6233,market & shopping,-362.27,[100-500]
2025-02-27 23:01:22,ÖNPROVIZYON KAPAMA HESAPTAN DÜŞME 6233,other,-779.0,[500-1000]
2025-02-27 20:10:44,WWW.TRENDYOL.COM ISTANBUL 6233,clothing,-232.99,[100-500]
2025-02-27 19:02:04,WWW.TRENDYOL.COM ISTANBUL 6233,clothing,-301.2,[100-500]
2025-02-27 13:36:03,SIMIT SARAYI SABANCI UNIVISTANBUL 6233,food,-40.0,[0-100]
2025-02-26 22:49:12,SPOTIFY 6233,subscriptions,-59.99,[0-100]
2025-02-26 14:36:32,SABANCI UNIVERSITE ISTANBUL 6233,education,-500.0,[100-500]
2025-02-25 15:33:31,SELF GIDA SANAYI VE TICARISTANBUL 6233,food,-260.0,[100-500]
2025-02-25 11:58:38,GUR-SEL TURIZM ISTANBUL 6233,transportation,-250.0,[100-500]
2025-02-24 19:43:59,"ÜCRET H2502288228670 400,00 TRY ÜZ.",money_transfer,-6.39,[0-100]
2025-02-24 19:43:59,KEREM SIRTIKIZIL*TR050004600115888000242620*DOĞA KURTOĞLU TARAFINDAN AKTARILAN*2179354591 H2502288228670*FAST,money_transfer,-400.0,[100-500]
2025-02-24 16:32:18,EATALY-ZORLU YAPI YATIRIMISTANBUL 6233,food,-830.5,[500-1000]
2025-02-24 12:16:19,BELBIM-ISTANBULKART ISTANBUL 6233,market & shopping,-103.5,[100-500]
2025-02-22 15:21:54,PARAM/ /PARIBU CINEVERS ISTANBUL 6233,other,-624.0,[500-1000]
2025-02-21 08:57:30,"ÜCRET H2502274439932 20000,00 TRY ÜZ.",money_transfer,-12.8,[0-100]
2025-02-21 08:57:30,ORTE DİŞ SAĞLIĞI HİZMETLERİ VE TİC LTD ŞTİ*TR550006200023900006297716*DOĞA KURTOĞLU TARAFINDAN AKTARILAN*2171767551 H2502274439932*FAST,money_transfer,-20000.0,[5000+]
2025-02-20 22:19:38,GUR-SEL TURIZM ISTANBUL 6233,transportation,-250.0,[100-500]
2025-02-20 21:29:53,YEMEKSEPETI MARKET ISTANBUL 6233,market & shopping,-758.22,[500-1000]
2025-02-19 21:56:17,WATSONS-AKASYA ISTANBUL 6233,cosmetics,-144.9,[100-500]
2025-02-19 20:34:25,MIDPOINT AKASYA WELL ISTANBUL 6233,food,-435.0,[100-500]
2025-02-19 18:10:15,ASUMAN CIKOLATA ISTANBUL 6233,dessert,-235.0,[100-500]
2025-02-19 16:32:28,POSFIX/ISTANBULKART ISTANBUL 6233,transportation,-51.0,[0-100]
2025-02-19 15:50:32,GUR-SEL TURIZM ISTANBUL 6233,transportation,-150.0,[100-500]
2025-02-19 12:26:48,SABANCI UNIVERSITE ISTANBUL 6233,education,-200.0,[100-500]
2025-02-18 21:48:41,WWW.TRENDYOL.COM ISTANBUL 6233,clothing,-933.3,[500-1000]
2025-02-17 20:35:35,PAYTR /MATIK ISTANBUL 6233,other,-17.0,[0-100]
2025-02-17 16:55:36,7036 ISTANBUL SABANCI U ISTANBUL 6233,education,-173.5,[100-500]
2025-02-15 17:35:26,BELBIM ELEKTRONIK PARA ISTANBUL 6233,market & shopping,-103.5,[100-500]
2025-02-15 12:51:22,GUR-SEL TURIZM ISTANBUL 6233,transportation,-60.0,[0-100]
2025-02-14 21:45:08,GUR-SEL TURIZM ISTANBUL 6233,transportation,-50.0,[0-100]
2025-02-14 21:22:24,MIGROS KURTKOY LENS AVM ISTANBUL 6233,market & shopping,-660.5,[500-1000]
2025-02-14 19:27:41,"ÜCRET H2502243027975 6300,00 TRY ÜZ.",money_transfer,-6.39,[0-100]
2025-02-14 19:27:41,IŞIL KILIÇ*TR170004600713888000075637*DOĞA KURTOĞLU TARAFINDAN AKTARILAN*2154479847 H2502243027975*FAST,money_transfer,-6300.0,[5000+]
2025-02-14 18:48:01,POSFIX/ISTANBULKART ISTANBUL 6233,transportation,-31.0,[0-100]
2025-02-14 12:37:19,SABANCI UNIVERSITE ISTANBUL 6233,education,-500.0,[100-500]
2025-02-13 20:19:37,SELF GIDA SANAYI VE TICARISTANBUL 6233,food,-200.0,[100-500]
2025-02-13 13:58:08,WWW.TRENDYOL.COM ISTANBUL 6233,clothing,-1863.0,[1000-2000]
2025-02-12 21:59:50,IYZICO*UNICOURSE TEKNOL ISTANBUL 6233,market & shopping,-4557.6,[2000-5000]
2025-02-12 17:16:42,GUR-SEL TURIZM ISTANBUL 6233,transportation,-90.0,[0-100]
2025-02-12 14:35:18,WWW.TRENDYOL.COM ISTANBUL 6233,clothing,-1092.16,[1000-2000]
2025-02-11 20:36:43,YEMEKSEPETI ISTANBUL 6233,food,-350.0,[100-500]
2025-02-11 11:51:18,SELF GIDA SANAYI VE TICARISTANBUL 6233,food,-240.0,[100-500]
2025-02-10 22:06:40,SELF GIDA SANAYI VE TICARISTANBUL 6233,food,-255.0,[100-500]
2025-02-10 18:38:08,KUCUK EV SABANCI UNIVER ISTANBUL 6233,food,-140.0,[100-500]
2025-02-10 16:10:43,SBX IST SABANCI UNIVERS ISTANBUL 6233,food,-85.0,[0-100]
2025-02-10 07:39:15,15036 NUMARALI BANKAMATİK TEN PARA ÇEKME,other,-500.0,[100-500]
2025-02-08 22:48:29,AIRBNB * TAZKAJPR 6233,travel,-2919.74,[2000-5000]
2025-02-06 18:07:18,TUBA SEZER ISTANBUL 6233,other,-443.02,[100-500]
2025-02-05 22:55:13,PAYTR /MATIK ISTANBUL 6233,other,-60.0,[0-100]
2025-02-05 20:14:36,GUR-SEL TURIZM ISTANBUL 6233,transportation,-50.0,[0-100]
2025-02-05 20:02:21,MIGROS KURTKOY LENS AVM ISTANBUL 6233,market & shopping,-99.95,[0-100]
2025-02-05 19:48:02,"ÜCRET H2502201763517 300,00 TRY ÜZ.",money_transfer,-6.39,[0-100]
2025-02-05 19:48:02,KEREM SIRTIKIZIL*TR050004600115888000242620*DOĞA KURTOĞLU TARAFINDAN AKTARILAN*2132970530 H2502201763517*FAST,money_transfer,-300.0,[100-500]
2025-02-05 18:59:10,BIG CHEFS LENS AVM ISTANBUL 6233,other,-460.0,[100-500]
2025-02-05 11:42:01,SABANCI UNIVERSITE ISTANBUL 6233,education,-500.0,[100-500]
2025-02-04 18:20:54,SIPAY/ KARYAP MAKINE ISTANBUL 6233,other,-30.0,[0-100]
2025-02-01 17:22:38,"BSMV H2502182114411 3,04 TRY ÜZ.",other,-0.15,[0-100]
2025-02-01 17:22:38,"ÜCRET H2502182114411 1000,00 TRY ÜZ.",money_transfer,-3.04,[0-100]
2025-02-01 17:22:38,KEREM SIRTIKIZIL*TR360006400000112440221959*DOĞA KURTOĞLU TARAFINDAN AKTARILAN*H2502182114411,money_transfer,-1000.0,[500-1000]
2025-02-01 00:04:11,WWW.TRENDYOL.COM ISTANBUL 6233,clothing,-389.9,[100-500]
2025-01-31 22:22:14,ATLI OTOMOTIV ISTANBUL 6233,other,-195.0,[100-500]
2025-01-31 15:28:39,SABANCI UNIVERSITE ISTANBUL 6233,education,-200.0,[100-500]
2025-01-30 12:48:12,FLYPEGASUS PGS354048175 ISTANBUL 6233,transportation,-452.0,[100-500]
2025-01-29 13:56:20,YEMEKSEPETI ISTANBUL 6233,food,-235.19,[100-500]
2025-01-26 22:46:14,SPOTIFY 6233,subscriptions,-59.99,[0-100]
2025-01-25 22:46:40,AIRBNB * HMXZXRKKBB 6233,travel,-12616.82,[5000+]
2025-01-24 16:44:20,FLYPEGASUS PGS353258318 ISTANBUL 6233,transportation,-474.6,[100-500]
2025-01-24 12:41:04,YEMEKSEPETI ISTANBUL 6233,food,-368.99,[100-500]
2025-01-23 14:09:31,"ÜCRET H2501145640492 700,00 TRY ÜZ.",money_transfer,-6.39,[0-100]
2025-01-23 14:09:31,FADİME DEMİR*TR710011100000000089026606*DOĞA KURTOĞLU TARAFINDAN AKTARILAN*2101871087 H2501145640492*FAST,money_transfer,-700.0,[500-1000]
2025-01-22 22:47:50,HOTEL AT BOOKING.COM 6233,travel,-8415.65,[5000+]
2025-01-15 16:49:03,PEGASUS HAVA TASIMACILI ISTANBUL 6233,transportation,-330.93,[100-500]
2025-01-15 07:22:10,KARYAP MAKINE ISTANBUL 6233,other,-30.0,[0-100]
2025-01-15 06:29:36,TAKSIDE POS ISTANBUL 6233,other,-484.82,[100-500]
2025-01-15 01:48:24,SHAYA MAGAZACILIK A.S. ISTANBUL 6233,clothing,-5200.0,[5000+]
2025-01-15 01:13:55,FLYPEGASUS PGS352107190 ISTANBUL 6233,transportation,-309.4,[100-500]
2025-01-14 19:27:39,7036 ISTANBUL SABANCI UNIISTANBUL 6233,education,-153.5,[100-500]
2025-01-14 19:25:47,7036 ISTANBUL SABANCI UNIISTANBUL 6233,education,-39.9,[0-100]
2025-01-14 19:00:31,SABANCI UNIVERSITE ISTANBUL 6233,education,-100.0,[0-100]
2025-01-14 17:21:21,KUCUK EV SABANCI UNIVER ISTANBUL 6233,food,-80.0,[0-100]
2025-01-14 17:16:34,STARBUCKS CARD MOBIL ISTANBUL 6233,coffee,-170.0,[100-500]
2025-01-13 22:07:07,GUR-SEL TURIZM ISTANBUL 6233,transportation,-40.0,[0-100]
2025-01-13 21:44:28,HOOK RESTORANT ISTANBUL 6233,food,-645.0,[500-1000]
2025-01-13 20:48:44,BOLDY-LENS ISTANBUL 6233,other,-34.0,[0-100]
2025-01-13 20:34:04,WATSONS-LENS ISTANBUL 6233,cosmetics,-248.85,[100-500]
2025-01-13 13:08:05,KOPUKLU KAHVE GIDA ISTANBUL 6233,food,-240.0,[100-500]
2025-01-12 22:55:13,SEVIMLI PILAV ISTANBUL 6233,food,-410.0,[100-500]
2025-01-12 20:14:32,PARK BAHCESEHIR OYUNCAK SISTANBUL 6233,other,-210.0,[100-500]
2025-01-12 18:17:48,GUNAYDIN KOFTE DONER LENSISTANBUL 6233,food,-525.0,[500-1000]
2025-01-11 18:24:09,SELF GIDA SANAYI VE TICARISTANBUL 6233,food,-230.0,[100-500]
2025-01-10 20:41:14,HMR RESTORAN GIDA ISTANBUL 6233,food,-250.0,[100-500]
2025-01-10 13:33:45,SELF GIDA SANAYI VE TICARISTANBUL 6233,food,-300.0,[100-500]
2025-01-09 21:30:32,EKMOT GIDA ANONIM SIRKE ISTANBUL 6233,food,-225.0,[100-500]
2025-01-09 20:41:27,SELF GIDA SANAYI VE TICARISTANBUL 6233,food,-220.0,[100-500]
2025-01-09 12:51:58,"ÜCRET H2501079071886 230,00 TRY ÜZ.",money_transfer,-4.43,[0-100]
2025-01-09 12:51:58,KEREM SIRTIKIZIL*TR050004600115888000242620*DOĞA KURTOĞLU TARAFINDAN AKTARILAN*2067324595 H2501079071886*FAST,money_transfer,-230.0,[100-500]
2025-01-08 19:53:52,"ÜCRET H2501077112776 300,00 TRY ÜZ.",money_transfer,-4.43,[0-100]
2025-01-08 19:53:52,KEREM SIRTIKIZIL*TR050004600115888000242620*DOĞA KURTOĞLU TARAFINDAN AKTARILAN*2066206100 H2501077112776*FAST,money_transfer,-300.0,[100-500]
2025-01-08 18:26:13,PIZZA RESTAURANTLARI ISTANBUL 6233,food,-130.0,[100-500]
2025-01-08 14:31:27,İŞCEP .DVZ ALIŞ KMV TUT. 22099.56 ÜZERİNDEN KMV %0.2,other,-44.2,[0-100]
2025-01-08 14:31:27,3485-0390787 İŞCEP DÖVİZ ALIŞ,other,-22099.56,[5000+]
2025-01-07 15:12:17,"ÜCRET H2501071620670 91402,00 TRY ÜZ.",money_transfer,-8.86,[0-100]
2025-01-07 15:12:17,DOĞA KURTOĞLU*TR380004601442888000091771*DOĞA KURTOĞLU TARAFINDAN AKTARILAN*2062948342 H2501071620670*FAST,money_transfer,-91402.0,[5000+]
2025-01-05 18:22:29,STARBUCKS CARD MOBIL ISTANBUL 6233,coffee,-250.0,[100-500]
2025-01-05 08:45:58,STARBUCKS CARD MOBIL ISTANBUL 6233,coffee,-150.0,[100-500]
2025-01-04 22:47:11,AIRBNB * HMPPN54AMW 6233,travel,-3759.98,[2000-5000]
2025-01-04 17:52:26,STARBUCKS CARD MOBIL ISTANBUL 6233,coffee,-85.0,[0-100]
2025-01-04 12:06:37,STARBUCKS CARD MOBIL ISTANBUL 6233,coffee,-250.0,[100-500]
2025-01-02 14:12:32,SBX IST SABANCI UNIVERS ISTANBUL 6233,food,-205.0,[100-500]
2025-01-01 15:45:57,PAYTR /MATIK ISTANBUL 6233,other,-15.0,[0-100]
2025-01-01 15:40:04,STARBUCKS CARD MOBIL ISTANBUL 6233,coffee,-50.0,[0-100]
2025-01-01 13:36:42,SABANCI UNIVERSITE ISTANBUL 6233,education,-500.0,[100-500]
2024-12-31 21:35:05,SUSHICO ISTANBUL 6233,food,-1898.0,[1000-2000]
2024-12-31 16:52:42,7036 ISTANBUL SABANCI U ISTANBUL 6233,education,-79.8,[0-100]
2024-12-31 14:46:47,WWW.TRENDYOL.COM ISTANBUL 6233,clothing,-394.99,[100-500]
2024-12-30 21:08:16,HMR RESTORAN GIDA ISTANBUL 6233,food,-215.0,[100-500]
2024-12-30 18:56:16,PAYTR /MATIK ISTANBUL 6233,other,-14.0,[0-100]
2024-12-30 18:55:52,PAYTR /MATIK ISTANBUL 6233,other,-19.0,[0-100]
2024-12-30 14:20:58,STARBUCKS CARD MOBIL ISTANBUL 6233,coffee,-200.0,[100-500]
2024-12-30 00:31:28,PAYTR /MATIK ISTANBUL 6233,other,-17.0,[0-100]
2024-12-30 00:30:49,PAYTR /MATIK ISTANBUL 6233,other,-15.0,[0-100]
2024-12-29 18:57:00,SBX IST SABANCI UNIVERS ISTANBUL 6233,food,-170.0,[100-500]
2024-12-29 18:26:52,SELF GIDA SANAYI VE TICARISTANBUL 6233,food,-240.0,[100-500]
2024-12-29 11:41:00,KUCUK EV SABANCI UNIVER ISTANBUL 6233,food,-185.0,[100-500]
2024-12-29 11:37:04,STARBUCKS CARD MOBIL ISTANBUL 6233,coffee,-190.0,[100-500]
2024-12-28 18:44:37,HMR RESTORAN GIDA ISTANBUL 6233,food,-220.0,[100-500]
2024-12-28 15:44:52,SOK-7036-SABANCI UNI ISTANBUL 6233,market & shopping,-83.05,[0-100]
2024-12-28 13:08:32,STARBUCKS CARD MOBIL ISTANBUL 6233,coffee,-100.0,[0-100]
2024-12-27 18:11:18,KUCUK EV SABANCI UNIVER ISTANBUL 6233,food,-315.0,[100-500]
2024-12-27 12:08:16,STARBUCKS CARD MOBIL ISTANBUL 6233,coffee,-200.0,[100-500]
2024-12-27 00:40:15,ATLI OTOMOTIV ISTANBUL 6233,other,-185.0,[100-500]
2024-12-26 22:45:50,SPOTIFY 6233,subscriptions,-59.99,[0-100]
2024-12-26 18:11:58,SOK-7036-SABANCI UNI ISTANBUL 6233,market & shopping,-39.9,[0-100]
2024-12-26 17:18:35,SOK-7036-SABANCI UNI ISTANBUL 6233,market & shopping,-39.9,[0-100]
2024-12-26 16:27:28,WWW.TRENDYOL.COM ISTANBUL 6233,clothing,-2339.96,[2000-5000]
2024-12-26 11:42:02,SABANCI UNIVERSITE ISTANBUL 6233,education,-500.0,[100-500]
2024-12-25 18:09:06,BITES BAKERY ISTANBUL 6233,dessert,-140.0,[100-500]
2024-12-25 14:44:22,WWW.TRENDYOL.COM ISTANBUL 6233,clothing,-417.35,[100-500]
2024-12-25 14:40:20,WWW.TRENDYOL.COM ISTANBUL 6233,clothing,-1408.26,[1000-2000]
2024-12-24 22:34:13,SBX IST SABANCI UNIVERS ISTANBUL 6233,food,-110.0,[100-500]
2024-12-24 17:46:16,ANTACA GIDA ISTANBUL 6233,food,-385.0,[100-500]
2024-12-24 13:20:38,SBX IST SABANCI UNIVERS ISTANBUL 6233,food,-89.0,[0-100]
2024-12-24 13:19:17,STARBUCKS CARD MOBIL ISTANBUL 6233,coffee,-55.0,[0-100]
2024-12-22 23:32:33,YEMEKSEPETI ISTANBUL 6233,food,-260.0,[100-500]
2024-12-22 19:04:13,7036 ISTANBUL SABANCI UNIISTANBUL 6233,education,-39.5,[0-100]
2024-12-22 14:31:09,PIZZA RESTAURANTLARI ISTANBUL 6233,food,-140.0,[100-500]
2024-12-22 13:41:09,SABANCI UNIVERSITE ISTANBUL 6233,education,-500.0,[100-500]
2024-12-21 18:26:13,KUCUK EV SABANCI UNIVER ISTANBUL 6233,food,-579.0,[500-1000]
2024-12-21 14:28:20,STARBUCKS CARD MOBIL ISTANBUL 6233,coffee,-100.0,[0-100]
2024-12-21 14:11:56,KUCUK EV SABANCI UNIVER ISTANBUL 6233,food,-155.0,[100-500]
2024-12-21 12:11:34,SABANCI UNIVERSITESI ISTANBUL 6233,education,-60.0,[0-100]
2024-12-21 01:29:44,WWW.TRENDYOL.COM ISTANBUL 6233,clothing,-296.92,[100-500]
2024-12-20 23:12:42,TUBA ARSLAN ISTANBUL 6233,other,-190.0,[100-500]
2024-12-20 21:59:48,SEVIMLI PILAV ISTANBUL 6233,food,-60.0,[0-100]
2024-12-20 21:41:49,SEVIMLI PILAV ISTANBUL 6233,food,-130.0,[100-500]
2024-12-20 21:18:32,GUR-SEL TURIZM ISTANBUL 6233,transportation,-50.0,[0-100]
2024-12-20 16:45:44,SBX IST SABANCI UNIVERS ISTANBUL 6233,food,-89.0,[0-100]
2024-12-19 23:52:41,UNITEDP BITAKSI ISTANBUL 6233,other,-320.9,[100-500]
2024-12-19 22:29:17,BELBIM ELEKTRONIK PARA ISTANBUL 6233,market & shopping,-103.5,[100-500]
2024-12-19 16:49:50,GUR-SEL TURIZM ISTANBUL 6233,transportation,-200.0,[100-500]
2024-12-16 18:47:36,SABANCI UNIVERSITE ISTANBUL 6233,education,-500.0,[100-500]
2024-12-16 18:08:18,SABANCI UNIVERSITESI ISTANBUL 6233,education,-60.0,[0-100]
2024-12-16 16:40:21,POSFIX/ISTANBULKART ISTANBUL 6233,transportation,-11.0,[0-100]
2024-12-16 16:38:58,POSFIX/ISTANBULKART ISTANBUL 6233,transportation,-21.0,[0-100]
2024-12-16 16:32:41,PACOTTA PASTA KAFE ISTANBUL 6233,dessert,-65.0,[0-100]
2024-12-16 16:15:33,ELIF SAGLIK HIZMETLE ISTANBUL 6233,health,-364.0,[100-500]
2024-12-16 15:45:58,GUR-SEL TURIZM ISTANBUL 6233,transportation,-71.0,[0-100]
2024-12-16 13:15:36,"ÜCRET H2412975799371 280,00 TRY ÜZ.",money_transfer,-4.43,[0-100]
2024-12-16 13:15:36,KARYA SERT*TR870006701000000035800068*DOĞA KURTOĞLU TARAFINDAN AKTARILAN*2009749357 H2412975799371*FAST,money_transfer,-280.0,[100-500]
2024-12-15 21:02:21,GUR-SEL TURIZM ISTANBUL 6233,transportation,-40.0,[0-100]
2024-12-15 19:56:53,IKEA KARTAL RESTORAN&MA ISTANBUL 6233,transportation,-110.0,[100-500]
2024-12-15 19:42:44,MAPA-IKEA KARTAL MAGAZA ISTANBUL 6233,transportation,-437.99,[100-500]
2024-12-15 19:10:49,"ÜCRET H2412971378463 550,00 TRY ÜZ.",money_transfer,-4.43,[0-100]
2024-12-15 19:10:49,KEREM SIRTIKIZIL*TR050004600115888000242620*DOĞA KURTOĞLU TARAFINDAN AKTARILAN*2007252079 H2412971378463*FAST,money_transfer,-550.0,[500-1000]
2024-12-15 17:01:05,GUR-SEL TURIZM ISTANBUL 6233,transportation,-60.0,[0-100]
2024-12-15 02:32:56,WWW.TRENDYOL.COM ISTANBUL 6233,clothing,-1297.98,[1000-2000]
2024-12-15 00:22:33,TEA SHOP ISTANBUL 6233,coffee,-160.0,[100-500]
2024-12-14 22:37:32,YEMEKSEPETI ISTANBUL 6233,food,-722.0,[500-1000]
2024-12-14 19:00:09,INTIBA ISTANBUL 6233,food,-470.0,[100-500]
2024-12-14 18:13:34,DIRK ROSSMANN M ISTANBUL 6233,cosmetics,-341.25,[100-500]
2024-12-14 17:11:54,GUR-SEL TURIZM ISTANBUL 6233,transportation,-90.0,[0-100]
2024-12-14 12:51:48,KUCUK EV SABANCI UNIVER ISTANBUL 6233,food,-330.0,[100-500]
2024-12-13 22:29:02,PIZZA RESTAURANTLARI ISTANBUL 6233,food,-60.0,[0-100]
2024-12-13 19:35:47,BILETINIAL BILET BASIM VEISTANBUL 6233,travel,-471.0,[100-500]
2024-12-13 19:19:10,BILETINIAL BILET BASIM VEISTANBUL 6233,travel,-471.0,[100-500]
2024-12-13 19:00:58,BILETINIAL BILET BASIM VEISTANBUL 6233,travel,-471.0,[100-500]
2024-12-13 15:30:30,SIA GIDA TURZ.INS.SAN.VE ISTANBUL 6233,food,-70.0,[0-100]
2024-12-13 15:27:02,AKADEMI GURME ISTANBUL 6233,food,-520.0,[500-1000]
2024-12-12 18:15:13,SELF GIDA SANAYI VE TICARISTANBUL 6233,food,-230.0,[100-500]
2024-12-12 13:47:13,7036 ISTANBUL SABANCI U ISTANBUL 6233,education,-29.9,[0-100]
2024-12-12 09:53:36,SIMIT SARAYI SABANCI UNIVISTANBUL 6233,food,-30.0,[0-100]
2024-12-12 00:55:14,HOLLAN GAZETE BAYII ISTANBUL 6233,other,-80.0,[0-100]
2024-12-11 18:57:21,HAMIDIYE SEKERLEME S ISTANBUL 6233,other,-475.0,[100-500]
2024-12-11 18:24:18,NUSRET BURGER NISANTASI ISTANBUL 6233,food,-550.0,[500-1000]
2024-12-11 15:39:38,GUR-SEL TURIZM ISTANBUL 6233,transportation,-60.0,[0-100]
2024-12-10 22:30:23,BILETINIAL BILET BASIM VEISTANBUL 6233,travel,-482.0,[100-500]
2024-12-10 21:35:37,IYZICO*UNICOURSE TEKNOL ISTANBUL 6233,market & shopping,-2898.0,[2000-5000]
2024-12-10 18:55:26,STARBUCKS CARD MOBIL ISTANBUL 6233,coffee,-60.0,[0-100]
2024-12-10 17:28:19,SABANCI UNIVERSITE ISTANBUL 6233,education,-500.0,[100-500]
2024-12-09 20:16:10,SOK-7036-SABANCI UNI ISTANBUL 6233,market & shopping,-6.5,[0-100]
2024-12-09 18:23:23,KUCUK EV SABANCI UNIVER ISTANBUL 6233,food,-179.0,[100-500]
2024-12-09 02:50:54,"ÜCRET H2412938595596 100,00 TRY ÜZ.",money_transfer,-4.43,[0-100]
2024-12-09 02:50:54,ZEKAİ CAN AKÇÜMEN*TR780004601282888000126599*DOĞA KURTOĞLU TARAFINDAN AKTARILAN*1990468671 H2412938595596*FAST,money_transfer,-100.0,[0-100]
2024-12-08 23:00:28,YEMEKSEPETI ISTANBUL 6233,food,-181.99,[100-500]
2024-12-08 21:55:07,"ÜCRET H2412938232353 175,00 TRY ÜZ.",money_transfer,-4.43,[0-100]
2024-12-08 21:55:07,KEREM SIRTIKIZIL*TR050004600115888000242620*DOĞA KURTOĞLU TARAFINDAN AKTARILAN*1990240243 H2412938232353*FAST,money_transfer,-175.0,[100-500]
2024-12-08 18:23:52,CALZEDONIA ISTANBUL 6233,clothing,-279.0,[100-500]
2024-12-08 16:44:41,GULSAH DAGLI CROCE ISTANBUL 6233,other,-900.0,[500-1000]
2024-12-08 15:36:43,TORLAK ORGANIZASYON ISTANBUL 6233,other,-15.0,[0-100]
2024-12-08 14:50:02,BELBIM ELEKTRONIK PARA ISTANBUL 6233,market & shopping,-51.75,[0-100]
2024-12-07 18:07:01,"ÜCRET H2412935278110 130,00 TRY ÜZ.",money_transfer,-4.43,[0-100]
2024-12-07 18:07:01,KEREM SIRTIKIZIL*TR050004600115888000242620*DOĞA KURTOĞLU TARAFINDAN AKTARILAN*1988412315 H2412935278110*FAST,money_transfer,-130.0,[100-500]
2024-12-06 21:33:48,PIZZA RESTAURANTLARI ISTANBUL 6233,food,-40.0,[0-100]
2024-12-06 19:40:17,KUCUK EV SABANCI UNIVER ISTANBUL 6233,food,-115.0,[100-500]
2024-12-06 16:57:54,PIZZA RESTAURANTLARI ISTANBUL 6233,food,-40.0,[0-100]
2024-12-06 15:14:08,7036 ISTANBUL SABANCI U ISTANBUL 6233,education,-199.0,[100-500]
2024-12-06 11:10:04,"ÜCRET H2412928589441 220,00 TRY ÜZ.",money_transfer,-4.43,[0-100]
2024-12-06 11:10:04,DOĞA KARATAY*TR360004600713888000193247*DOĞA KURTOĞLU YILBAŞI SET*1984529303 H2412928589441*FAST,money_transfer,-220.0,[100-500]
2024-12-06 11:07:42,STARBUCKS CARD MOBIL ISTANBUL 6233,coffee,-250.0,[100-500]
2024-12-05 22:20:08,"ÜCRET H2412926686259 250,00 TRY ÜZ.",money_transfer,-4.43,[0-100]
2024-12-05 22:20:08,KEREM SIRTIKIZIL*TR050004600115888000242620*DOĞA KURTOĞLU TARAFINDAN AKTARILAN*1983722588 H2412926686259*FAST,money_transfer,-250.0,[100-500]
2024-12-05 17:08:48,PIZZA RESTAURANTLARI ISTANBUL 6233,food,-60.0,[0-100]
2024-12-04 18:44:09,"ÜCRET H2412919964774 200,00 TRY ÜZ.",money_transfer,-4.43,[0-100]
2024-12-04 18:44:09,KEREM SIRTIKIZIL*TR050004600115888000242620*DOĞA KURTOĞLU TARAFINDAN AKTARILAN*1980149986 H2412919964774*FAST,money_transfer,-200.0,[100-500]
2024-12-04 16:39:38,KUCUK EV ISTANBUL 6233,food,-329.0,[100-500]
2024-12-03 18:23:12,HMR RESTORAN GIDA ISTANBUL 6233,food,-225.0,[100-500]
2024-12-02 21:43:53,PIZZA RESTAURANTLARI ISTANBUL 6233,food,-60.0,[0-100]
2024-12-02 12:11:15,STARBUCKS CARD MOBIL ISTANBUL 6233,coffee,-20.0,[0-100]
2024-12-02 12:05:40,STARBUCKS CARD MOBIL ISTANBUL 6233,coffee,-130.0,[100-500]
2024-12-01 22:20:08,GUR-SEL TURIZM ISTANBUL 6233,transportation,-10.0,[0-100]
2024-12-01 21:27:52,GUR-SEL TURIZM ISTANBUL 6233,transportation,-150.0,[100-500]
2024-12-01 20:35:13,"ÜCRET H2412904643665 300,00 TRY ÜZ.",money_transfer,-4.43,[0-100]
2024-12-01 20:35:13,KEREM SIRTIKIZIL*TR050004600115888000242620*DOĞA KURTOĞLU TARAFINDAN AKTARILAN*1971731052 H2412904643665*FAST,money_transfer,-300.0,[100-500]
2024-12-01 18:47:06,BELBIM ELEKTRONIK PARA ISTANBUL 6233,market & shopping,-51.75,[0-100]
2024-12-01 18:39:54,BELBIM AS. ULASIM ISTANBUL 6233,market & shopping,-30.0,[0-100]
2024-12-01 16:34:38,POSFIX/ISTANBULKART ISTANBUL 6233,transportation,-31.0,[0-100]
2024-12-01 16:02:28,KOZLU YILMAZ GIDA TU ISTANBUL 6233,food,-415.0,[100-500]
2024-12-01 14:51:58,POSFIX/ISTANBULKART ISTANBUL 6233,transportation,-51.0,[0-100]
2024-12-01 09:39:48,PAYTR /MATIK ISTANBUL 6233,other,-11.0,[0-100]
2024-11-30 22:36:43,PAYTR /MATIK ISTANBUL 6233,other,-17.0,[0-100]
2024-11-30 20:14:05,SHAYA MAGAZACILIK A.S. ISTANBUL 6233,clothing,-3650.0,[2000-5000]
2024-11-30 17:36:08,KUCUK EV SABANCI UNIVER ISTANBUL 6233,food,-239.0,[100-500]
2024-11-30 13:21:05,STARBUCKS CARD MOBIL ISTANBUL 6233,coffee,-250.0,[100-500]
2024-11-29 10:44:50,SATI KARGI ISTANBUL 6233,other,-80.0,[0-100]
2024-11-28 22:10:58,SABANCI UNIVERSITESI ISTANBUL 6233,education,-60.0,[0-100]
2024-11-28 19:50:10,GUR-SEL TURIZM ISTANBUL 6233,transportation,-20.0,[0-100]
2024-11-28 19:25:51,HMR RESTORAN GIDA ISTANBUL 6233,food,-155.0,[100-500]
2024-11-28 09:34:26,SIMIT SARAYI SABANCI UNIVISTANBUL 6233,food,-85.0,[0-100]
2024-11-27 18:46:41,HMR RESTORAN GIDA ISTANBUL 6233,food,-215.0,[100-500]
2024-11-27 13:36:48,STARBUCKS CARD MOBIL ISTANBUL 6233,coffee,-50.0,[0-100]
2024-11-26 22:46:33,SPOTIFY 6233,subscriptions,-59.99,[0-100]
2024-11-26 14:08:32,PIZZA RESTAURANTLARI ISTANBUL 6233,food,-15.0,[0-100]
2024-11-26 11:30:14,PIZZA RESTAURANTLARI ISTANBUL 6233,food,-140.0,[100-500]
2024-11-25 22:52:53,HMR RESTORAN GIDA ISTANBUL 6233,food,-205.0,[100-500]
2024-11-25 17:12:32,PIZZA RESTAURANTLARI ISTANBUL 6233,food,-60.0,[0-100]
2024-11-25 13:38:44,SABANCI UNIVERSITE ISTANBUL 6233,education,-500.0,[100-500]
2024-11-24 21:47:55,IST KURTKOY LENS AVM ISTANBUL 6233,other,-455.75,[100-500]
2024-11-24 21:33:30,SUSHICO ISTANBUL 6233,food,-545.0,[500-1000]
2024-11-24 19:57:00,GUR-SEL TURIZM ISTANBUL 6233,transportation,-60.0,[0-100]
2024-11-24 18:57:44,IYZICO*UNICOURSE TEKNOL ISTANBUL 6233,market & shopping,-1299.0,[1000-2000]
2024-11-24 16:43:17,PAYTR /MATIK ISTANBUL 6233,other,-11.0,[0-100]
2024-11-24 15:56:55,STARBUCKS CARD MOBIL ISTANBUL 6233,coffee,-100.0,[0-100]
2024-11-24 15:24:00,SELF GIDA SANAYI VE TICARISTANBUL 6233,food,-240.0,[100-500]
2024-11-23 21:21:25,ATLI OTOMOTIV ISTANBUL 6233,other,-460.0,[100-500]
2024-11-23 16:51:54,PAYTR /MATIK ISTANBUL 6233,other,-11.0,[0-100]
2024-11-23 14:23:36,SABANCI UNIVERSITE ISTANBUL 6233,education,-200.0,[100-500]
2024-11-23 11:12:22,STARBUCKS CARD MOBIL ISTANBUL 6233,coffee,-200.0,[100-500]
2024-11-22 22:11:05,SABANCI UNIVERSITESI ISTANBUL 6233,education,-60.0,[0-100]
2024-11-22 20:05:20,PAYTR /MATIK ISTANBUL 6233,other,-11.0,[0-100]
2024-11-22 11:24:05,STARBUCKS CARD MOBIL ISTANBUL 6233,coffee,-200.0,[100-500]
2024-11-21 17:38:24,SABANCI UNIVERSITE ISTANBUL 6233,education,-200.0,[100-500]
2024-11-21 15:56:05,PAYTR /MATIK ISTANBUL 6233,other,-31.0,[0-100]
2024-11-21 13:41:48,PAYTR /MATIK ISTANBUL 6233,other,-11.0,[0-100]
2024-11-21 10:17:20,KUCUK EV SABANCI UNIVER ISTANBUL 6233,food,-225.0,[100-500]
2024-11-20 16:14:05,"ÜCRET H2411860430344 300,00 TRY ÜZ.",money_transfer,-4.43,[0-100]
2024-11-20 16:14:05,KEREM SIRTIKIZIL*TR050004600115888000242620*DOĞA KURTOĞLU TARAFINDAN AKTARILAN*1947058290 H2411860430344*FAST,money_transfer,-300.0,[100-500]
2024-11-20 10:57:59,STARBUCKS CARD MOBIL ISTANBUL 6233,coffee,-150.0,[100-500]
2024-11-20 10:52:01,PAYTR /MATIK ISTANBUL 6233,other,-11.0,[0-100]
2024-11-19 17:58:07,KUCUK EV SABANCI UNIVER ISTANBUL 6233,food,-284.0,[100-500]
2024-11-19 13:26:28,KUCUK EV SABANCI UNIVER ISTANBUL 6233,food,-224.0,[100-500]
2024-11-19 10:30:02,SIMIT SARAYI SABANCI UNIVISTANBUL 6233,food,-55.0,[0-100]
2024-11-18 19:09:14,SBX IST SABANCI UNIVERS ISTANBUL 6233,food,-100.0,[0-100]
2024-11-18 19:07:09,SBX IST SABANCI UNIVERS ISTANBUL 6233,food,-89.0,[0-100]
2024-11-18 18:42:18,SELF GIDA SANAYI VE TICARISTANBUL 6233,food,-240.0,[100-500]
2024-11-18 16:40:31,PAYTR /MATIK ISTANBUL 6233,other,-19.0,[0-100]
2024-11-18 11:07:01,GUR-SEL TURIZM ISTANBUL 6233,transportation,-70.0,[0-100]
2024-11-15 21:12:21,14934 NUMARALI BANKAMATİK TEN PARA ÇEKME,other,-200.0,[100-500]
2024-11-15 18:00:04,GUR-SEL TURIZM ISTANBUL 6233,transportation,-71.0,[0-100]
2024-11-15 17:34:40,KUCUK EV SABANCI UNIVER ISTANBUL 6233,food,-239.0,[100-500]
2024-11-15 13:24:24,PIZZA RESTAURANTLARI ISTANBUL 6233,food,-65.0,[0-100]
2024-11-15 12:34:24,SBX IST SABANCI UNIVERS ISTANBUL 6233,food,-110.0,[100-500]
2024-11-14 18:07:11,SELF GIDA SANAYI VE TICARISTANBUL 6233,food,-220.0,[100-500]
2024-11-14 13:42:54,KUCUK EV SABANCI UNIVER ISTANBUL 6233,food,-220.0,[100-500]
2024-11-14 11:28:56,HOMER KITAPEVI ISTANBUL 6233,education,-219.0,[100-500]
2024-11-14 10:42:41,KUCUK EV SABANCI UNIVER ISTANBUL 6233,food,-140.0,[100-500]
2024-11-13 23:11:10,KOPUKLU KAHVE GIDA ISTANBUL 6233,food,-160.0,[100-500]
2024-11-13 23:05:30,EKMOT GIDA ANONIM SIRKE ISTANBUL 6233,food,-100.0,[0-100]
2024-11-13 20:41:17,FLYPEGASUS PGS344427383 ISTANBUL 6233,transportation,-2497.82,[2000-5000]
2024-11-13 20:37:59,FLYPEGASUS PGS344427078 ISTANBUL 6233,transportation,-470.3,[100-500]
2024-11-13 14:32:33,PIZZA RESTAURANTLARI ISTANBUL 6233,food,-70.0,[0-100]
2024-11-13 12:45:32,"ÜCRET H2411822967407 130,00 TRY ÜZ.",money_transfer,-4.43,[0-100]
2024-11-13 12:45:32,UMUT CAN ÇUBUKÇU*TR140004600348888000256804*DOĞA KURTOĞLU TARAFINDAN AKTARILAN*1927292725 H2411822967407*FAST,money_transfer,-130.0,[100-500]
2024-11-12 19:48:46,YEMEKSEPETI ISTANBUL 6233,food,-304.8,[100-500]
2024-11-11 21:29:45,"ÜCRET H2411817145165 200,00 TRY ÜZ.",money_transfer,-4.43,[0-100]
2024-11-11 21:29:45,ZEKİ AYAZ*TR380082900009491486400114*DOĞA KURTOĞLU TARAFINDAN AKTARILAN*1924068927 H2411817145165*FAST,money_transfer,-200.0,[100-500]
2024-11-11 20:32:11,IST BEBEK CD ISTANBUL 6233,other,-109.0,[100-500]
2024-11-11 20:11:46,OSMAN KAYAHAN GOLTEPE ISTANBUL 6233,other,-765.0,[500-1000]
2024-11-11 20:03:18,BATH BODY WORKS SANAL POSISTANBUL 6233,cosmetics,-999.0,[500-1000]
2024-11-11 17:53:18,BBW IST ISTINYEPARK ISTANBUL 6233,other,-1425.78,[1000-2000]
2024-11-11 16:54:12,POSFIX/ISTANBULKART ISTANBUL 6233,transportation,-31.0,[0-100]
2024-11-11 15:43:31,GUR-SEL TURIZM ISTANBUL 6233,transportation,-200.0,[100-500]
2024-11-11 15:37:56,GUR-SEL TURIZM ISTANBUL 6233,transportation,-80.0,[0-100]
2024-11-10 22:39:10,KAHVE DUNYASI KOSUYOLU ISTANBUL 6233,dessert,-30.0,[0-100]
2024-11-10 22:26:36,CEVIZAGACI GIDA ISLETMEL ISTANBUL 6233,dessert,-450.0,[100-500]
2024-11-10 21:59:34,AKASYA MIDPOINT ISTANBUL 6233,food,-426.0,[100-500]
2024-11-10 15:07:26,KUCUK EV SABANCI UNIVER ISTANBUL 6233,food,-124.5,[100-500]
2024-11-10 11:44:26,SBX IST SABANCI UNIVERS ISTANBUL 6233,food,-110.0,[100-500]
2024-11-09 18:22:20,EKMOT GIDA ANONIM SIRKE ISTANBUL 6233,food,-230.0,[100-500]
2024-11-09 16:10:28,"ÜCRET H2411808529654 300,00 TRY ÜZ.",money_transfer,-4.43,[0-100]
2024-11-09 16:10:28,KEREM SIRTIKIZIL*TR050004600115888000242620*DOĞA KURTOĞLU TARAFINDAN AKTARILAN*1919198329 H2411808529654*FAST,money_transfer,-300.0,[100-500]
2024-11-09 11:16:51,PIZZA RESTAURANTLARI ISTANBUL 6233,food,-90.0,[0-100]
2024-11-08 18:39:41,STARBUCKS CARD MOBIL ISTANBUL 6233,coffee,-250.0,[100-500]
2024-11-08 18:20:15,KUCUK EV SABANCI UNIVER ISTANBUL 6233,food,-164.0,[100-500]
2024-11-08 13:03:39,"ÜCRET H2411803735581 7613,18 TRY ÜZ.",money_transfer,-8.86,[0-100]
2024-11-08 13:03:39,ACIBADEM SAĞLIK HİZMETLERİ VE TİC. A.Ş.*TR890006200038300006293959*ACİBADEM DERMATOLOJİ*1916216946 H2411803735581*FAST,money_transfer,-7613.18,[5000+]
2024-11-08 12:27:39,SABANCI UNIVERSITE ISTANBUL 6233,education,-500.0,[100-500]
2024-11-07 20:18:22,PAYTR /MATIK ISTANBUL 6233,other,-75.0,[0-100]
2024-11-07 11:24:31,SIMIT SARAYI SABANCI UNIVISTANBUL 6233,food,-155.0,[100-500]
2024-11-07 10:48:08,KUCUK EV SABANCI UNIVER ISTANBUL 6233,food,-225.0,[100-500]
2024-11-06 19:46:44,PAYTR /MATIK ISTANBUL 6233,other,-11.0,[0-100]
2024-11-06 19:09:54,SELF GIDA SANAYI VE TICARISTANBUL 6233,food,-220.0,[100-500]
2024-11-06 15:17:35,PAYTR /MATIK ISTANBUL 6233,other,-75.0,[0-100]
2024-11-06 14:23:02,IYZICO*UNICOURSE TEKNOL ISTANBUL 6233,market & shopping,-1199.0,[1000-2000]
2024-11-06 14:18:16,PAYTR /MATIK ISTANBUL 6233,other,-16.0,[0-100]
2024-11-05 22:19:06,"ÜCRET H2411791986927 130,00 TRY ÜZ.",money_transfer,-4.43,[0-100]
2024-11-05 22:19:06,KEREM SIRTIKIZIL*TR050004600115888000242620*DOĞA KURTOĞLU TARAFINDAN AKTARILAN*1909692540 H2411791986927*FAST,money_transfer,-130.0,[100-500]
2024-11-05 17:40:54,PIZZA RESTAURANTLARI ISTANBUL 6233,food,-50.0,[0-100]
2024-11-05 09:44:51,SIMIT SARAYI SABANCI UNIVISTANBUL 6233,food,-160.0,[100-500]
2024-11-04 21:01:51,HMR RESTORAN GIDA ISTANBUL 6233,food,-135.0,[100-500]
2024-11-04 13:21:20,KUCUK EV SABANCI UNIVER ISTANBUL 6233,food,-130.0,[100-500]
2024-11-03 21:01:21,PAYTR /MATIK ISTANBUL 6233,other,-21.0,[0-100]
2024-11-03 16:30:59,SELF GIDA SANAYI VE TICARISTANBUL 6233,food,-250.0,[100-500]
2024-11-03 13:02:36,PIZZA RESTAURANTLARI ISTANBUL 6233,food,-90.0,[0-100]
2024-11-03 11:25:55,PIZZA RESTAURANTLARI ISTANBUL 6233,food,-60.0,[0-100]
2024-11-02 20:01:55,"ÜCRET H2411777069152 130,00 TRY ÜZ.",money_transfer,-4.43,[0-100]
2024-11-02 20:01:55,KEREM SIRTIKIZIL*TR050004600115888000242620*DOĞA KURTOĞLU TARAFINDAN AKTARILAN*1901731040 H2411777069152*FAST,money_transfer,-130.0,[100-500]
2024-11-02 17:25:58,PIZZA RESTAURANTLARI ISTANBUL 6233,food,-60.0,[0-100]
2024-11-02 14:20:05,"ÜCRET H2411775808915 250,00 TRY ÜZ.",money_transfer,-4.43,[0-100]
2024-11-02 14:20:05,KEREM SIRTIKIZIL*TR050004600115888000242620*DOĞA KURTOĞLU TARAFINDAN AKTARILAN*1900897627 H2411775808915*FAST,money_transfer,-250.0,[100-500]
2024-11-02 10:46:09,STARBUCKS CARD MOBIL ISTANBUL 6233,coffee,-110.0,[100-500]
2024-11-02 00:18:02,PAYTR /MATIK ISTANBUL 6233,other,-35.0,[0-100]
2024-11-02 00:17:07,PAYTR /MATIK ISTANBUL 6233,other,-42.0,[0-100]
2024-11-01 20:37:56,PIZZA RESTAURANTLARI ISTANBUL 6233,food,-60.0,[0-100]
2024-11-01 16:24:00,"ÜCRET H2411772479415 1000,00 TRY ÜZ.",money_transfer,-4.43,[0-100]
2024-11-01 16:24:00,KEREM SIRTIKIZIL*TR050004600115888000242620*DOĞA KURTOĞLU TARAFINDAN AKTARILAN*1898805379 H2411772479415*FAST,money_transfer,-1000.0,[500-1000]
2024-11-01 15:35:42,PAYTR /MATIK ISTANBUL 6233,other,-11.0,[0-100]
2024-11-01 11:42:07,PIZZA RESTAURANTLARI ISTANBUL 6233,food,-110.0,[100-500]
2024-10-31 23:10:38,FLYPEGASUS PGS342842429 ISTANBUL 6233,transportation,-770.97,[500-1000]
2024-10-31 12:08:13,FLYPEGASUS PGS342735615 ISTANBUL 6233,transportation,-1567.94,[1000-2000]
2024-10-31 10:59:26,SIMIT SARAYI SABANCI UNIVISTANBUL 6233,food,-118.0,[100-500]
2024-10-31 09:30:08,SIMIT SARAYI SABANCI UNIVISTANBUL 6233,food,-30.0,[0-100]
2024-10-30 20:27:21,PIZZA RESTAURANTLARI ISTANBUL 6233,food,-60.0,[0-100]
2024-10-30 17:39:31,PAYTR /MATIK ISTANBUL 6233,other,-11.0,[0-100]
2024-10-30 12:44:00,PIZZA RESTAURANTLARI ISTANBUL 6233,food,-60.0,[0-100]
2024-10-30 11:19:26,SIMIT SARAYI SABANCI UNIVISTANBUL 6233,food,-230.0,[100-500]
2024-10-29 17:21:03,SABANCI UNIVERSITE ISTANBUL 6233,education,-1000.0,[500-1000]
2024-10-29 12:57:51,STARBUCKS CARD MOBIL ISTANBUL 6233,coffee,-250.0,[100-500]
2024-10-29 07:39:00,"BSMV H2410756135727 2,11 TRY ÜZ.",other,-0.11,[0-100]
2024-10-29 07:39:00,"ÜCRET H2410756135727 250,00 TRY ÜZ.",money_transfer,-2.11,[0-100]
2024-10-29 07:39:00,EGE ŞAŞI*TR740006400000112991084275*DOĞA KURTOĞLU TARAFINDAN AKTARILAN*H2410756135727,money_transfer,-250.0,[100-500]
2024-10-26 22:44:58,SPOTIFY 6233,subscriptions,-59.99,[0-100]
2024-10-25 23:37:26,SAYGIOGULLARI PETROL TEKIRDAG 6233,fuel,-77.0,[0-100]
2024-10-25 19:36:47,AYPARA ODEME/BELBIM ISTANBUL 6233,market & shopping,-31.0,[0-100]
2024-10-25 18:41:02,AYPARA ODEME/BELBIM ISTANBUL 6233,market & shopping,-51.0,[0-100]
2024-10-25 18:21:29,KOZLU YILMAZ GIDA TU ISTANBUL 6233,food,-300.0,[100-500]
2024-10-25 16:47:47,GUR-SEL TURIZM ISTANBUL 6233,transportation,-40.0,[0-100]
2024-10-25 11:52:42,VODAFONE FATURA MPASS I ISTANBUL 6233,market & shopping,-794.0,[500-1000]
2024-10-25 11:19:19,PIZZA RESTAURANTLARI ISTANBUL 6233,food,-135.0,[100-500]
2024-10-24 21:26:58,PIZZA RESTAURANTLARI ISTANBUL 6233,food,-65.0,[0-100]
2024-10-24 17:43:37,SELF GIDA SANAYI VE TICARISTANBUL 6233,food,-180.0,[100-500]
2024-10-24 14:33:40,KUCUK EV SABANCI UNIVER ISTANBUL 6233,food,-95.0,[0-100]
2024-10-24 09:41:28,SIMIT SARAYI SABANCI UNIVISTANBUL 6233,food,-160.0,[100-500]
2024-10-23 23:09:12,YEMEKSEPETI ISTANBUL 6233,food,-245.0,[100-500]
2024-10-23 14:55:33,PIZZA RESTAURANTLARI ISTANBUL 6233,food,-60.0,[0-100]
2024-10-22 15:33:20,SIMIT SARAYI SABANCI UNIVISTANBUL 6233,food,-55.0,[0-100]
2024-10-22 12:28:29,PAYTR /MATIK ISTANBUL 6233,other,-11.0,[0-100]
2024-10-22 10:42:25,SIMIT SARAYI SABANCI UNIVISTANBUL 6233,food,-130.0,[100-500]
2024-10-21 19:40:56,STARBUCKS CARD MOBIL ISTANBUL 6233,coffee,-150.0,[100-500]
2024-10-21 12:34:56,SIMIT SARAYI SABANCI UNIVISTANBUL 6233,food,-85.0,[0-100]
2024-10-20 18:31:25,İNTERAKTİF/4543********5500 İŞCEP KRE.KART BORÇ ÖDEME,transportation,-4384.18,[2000-5000]
2024-10-20 16:53:27,SABANCI UNIVERSITESI ISTANBUL 6233,education,-95.0,[0-100]
2024-10-20 13:49:15,"ÜCRET H2410721803370 70,00 TRY ÜZ.",money_transfer,-4.43,[0-100]
2024-10-20 13:49:15,KEREM SIRTIKIZIL*TR050004600115888000242620*DOĞA KURTOĞLU TARAFINDAN AKTARILAN*1871059594 H2410721803370*FAST,money_transfer,-70.0,[0-100]
2024-10-20 13:30:50,HMR RESTORAN GIDA ISTANBUL 6233,food,-121.5,[100-500]
2024-10-20 01:41:09,IYZICO*ITX TURKEY PERAK ISTANBUL 6233,market & shopping,-2390.0,[2000-5000]
2024-10-19 23:10:09,"ÜCRET H2410720684485 140,00 TRY ÜZ.",money_transfer,-4.43,[0-100]
2024-10-19 23:10:09,KEREM SIRTIKIZIL*TR050004600115888000242620*DOĞA KURTOĞLU TARAFINDAN AKTARILAN*1870485833 H2410720684485*FAST,money_transfer,-140.0,[100-500]
2024-10-19 18:44:17,SABANCI UNIVERSITE ISTANBUL 6233,education,-500.0,[100-500]
2024-10-19 13:50:43,"ÜCRET H2410718998939 150,00 TRY ÜZ.",money_transfer,-4.43,[0-100]
2024-10-19 13:50:43,KEREM SIRTIKIZIL*TR050004600115888000242620*DOĞA KURTOĞLU TARAFINDAN AKTARILAN*1869365268 H2410718998939*FAST,money_transfer,-150.0,[100-500]
2024-10-18 23:24:04,GUR-SEL TURIZM ISTANBUL 6233,transportation,-20.0,[0-100]
2024-10-18 21:04:29,DARK BUFE ISTANBUL 6233,other,-80.0,[0-100]
2024-10-18 20:57:47,SUSHICO ISTANBUL 6233,food,-720.0,[500-1000]
2024-10-18 16:48:27,STARBUCKS CARD MOBIL ISTANBUL 6233,coffee,-195.0,[100-500]
2024-10-18 13:44:59,PAYTR /MATIK ISTANBUL 6233,other,-11.0,[0-100]
2024-10-18 13:44:44,PAYTR /MATIK ISTANBUL 6233,other,-11.0,[0-100]
2024-10-17 18:21:40,PAPARA/DATAJIRO YAZI ANKARA 6233,other,-354.09,[100-500]
2024-10-17 17:53:56,PACOTTA PASTA KAFE ISTANBUL 6233,dessert,-310.0,[100-500]
2024-10-17 17:47:31,TUBA SEZER ISTANBUL 6233,other,-193.92,[100-500]
2024-10-17 14:48:39,TAKSIDE POS ISTANBUL 6233,other,-133.86,[100-500]
2024-10-17 14:37:07,AYPARA ODEME/BELBIM ISTANBUL 6233,market & shopping,-21.0,[0-100]
2024-10-17 13:47:07,GUR-SEL TURIZM ISTANBUL 6233,transportation,-50.0,[0-100]
2024-10-17 09:37:24,SIMIT SARAYI SABANCI UNIVISTANBUL 6233,food,-118.0,[100-500]
2024-10-16 12:41:20,SABANCI UNIVERSITE ISTANBUL 6233,education,-500.0,[100-500]
2024-10-15 12:35:52,SABANCI UNIVERSITESI ISTANBUL 6233,education,-90.0,[0-100]
2024-10-12 13:53:36,STARBUCKS CARD MOBIL ISTANBUL 6233,coffee,-200.0,[100-500]
2024-10-12 11:08:03,STARBUCKS CARD MOBIL ISTANBUL 6233,coffee,-105.0,[100-500]
2024-10-11 15:28:01,KUCUK EV SABANCI UNIVER ISTANBUL 6233,food,-60.0,[0-100]
2024-10-11 11:39:42,WWW.TRENDYOL.COM ISTANBUL 6233,clothing,-631.52,[500-1000]
2024-10-10 20:33:02,SELF GIDA SANAYI VE TICARISTANBUL 6233,food,-160.0,[100-500]
2024-10-10 12:08:30,PAYTR /MATIK ISTANBUL 6233,other,-18.0,[0-100]
2024-10-10 12:06:37,SIMIT SARAYI SABANCI UNIVISTANBUL 6233,food,-37.0,[0-100]
2024-10-10 10:57:19,İNTERAKTİF/4543********5500 İŞCEP KRE.KART BORÇ ÖDEME,transportation,-255.0,[100-500]
2024-10-09 22:58:44,WWW.TRENDYOL.COM ISTANBUL 6233,clothing,-479.9,[100-500]
2024-10-09 19:33:33,YEMEKSEPETI ISTANBUL 6233,food,-224.0,[100-500]
2024-10-09 18:18:02,PACOTTA PASTA KAFE ISTANBUL 6233,dessert,-285.0,[100-500]
2024-10-09 10:23:54,TAKSIDE POS ISTANBUL 6233,other,-133.95,[100-500]
2024-10-08 22:48:20,SPOTIFY 6233,subscriptions,-59.99,[0-100]
2024-10-08 21:17:56,DLT TURIZM VE TIC.A.S. ISTANBUL 6233,travel,-5331.0,[5000+]
2024-10-08 19:39:55,GUR-SEL TURIZM ISTANBUL 6233,transportation,-100.0,[0-100]
2024-10-08 19:07:26,"ÜCRET H2410668533152 160,00 TRY ÜZ.",money_transfer,-4.43,[0-100]
2024-10-08 19:07:26,KEREM SIRTIKIZIL*TR050004600115888000242620*DOĞA KURTOĞLU TARAFINDAN AKTARILAN*1841971567 H2410668533152*FAST,money_transfer,-160.0,[100-500]
2024-10-08 13:18:10,SABANCI UNIVERSITE ISTANBUL 6233,education,-500.0,[100-500]
2024-10-08 03:04:23,"ÜCRET H2410664810414 412,00 TRY ÜZ.",money_transfer,-4.43,[0-100]
2024-10-08 03:04:23,KARYA SERT*TR310004600713888000145225*DOĞA KURTOĞLU TARAFINDAN AKTARILAN*1839977420 H2410664810414*FAST,money_transfer,-412.0,[100-500]
2024-10-08 02:32:06,"ÜCRET H2410664798379 850,00 TRY ÜZ.",money_transfer,-4.43,[0-100]
2024-10-08 02:32:06,KARYA SERT*TR310004600713888000145225*DOĞA KURTOĞLU TARAFINDAN AKTARILAN*1839969699 H2410664798379*FAST,money_transfer,-850.0,[500-1000]
2024-10-07 19:20:32,STARBUCKS CARD MOBIL ISTANBUL 6233,coffee,-10.0,[0-100]
2024-10-07 19:19:53,STARBUCKS CARD MOBIL ISTANBUL 6233,coffee,-69.0,[0-100]
2024-10-06 22:43:55,IYZICO /UNICOURSE.CO ISTANBUL 6233,market & shopping,-1199.2,[1000-2000]
2024-10-06 20:09:33,İNTERAKTİF/4543********5500 İŞCEP KRE.KART BORÇ ÖDEME,transportation,-384.55,[100-500]
2024-10-06 19:51:22,"ÜCRET H2410657814908 600,00 TRY ÜZ.",money_transfer,-4.43,[0-100]
2024-10-06 19:51:22,KEREM SIRTIKIZIL*TR050004600115888000242620*DOĞA KURTOĞLU TARAFINDAN AKTARILAN*1836426256 H2410657814908*FAST,money_transfer,-600.0,[500-1000]
2024-10-06 17:45:38,SELF GIDA SANAYI VE TICARISTANBUL 6233,food,-220.0,[100-500]
2024-10-06 13:34:46,GUR-SEL TURIZM ISTANBUL 6233,transportation,-50.0,[0-100]
2024-10-06 11:55:41,"ÜCRET H2410656515665 500,00 TRY ÜZ.",money_transfer,-4.43,[0-100]
2024-10-06 11:55:41,KEREM SIRTIKIZIL*TR050004600115888000242620*DOĞA KURTOĞLU TARAFINDAN AKTARILAN*1835630111 H2410656515665*FAST,money_transfer,-500.0,[100-500]
2024-10-06 09:44:25,"ÜCRET H2410656275409 150,00 TRY ÜZ.",money_transfer,-4.43,[0-100]
2024-10-06 09:44:25,KEREM SIRTIKIZIL*TR050004600115888000242620*DOĞA KURTOĞLU TARAFINDAN AKTARILAN*1835490628 H2410656275409*FAST,money_transfer,-150.0,[100-500]
2024-10-06 09:41:59,AYPARA ODEME/BELBIM ISTANBUL 6233,market & shopping,-51.0,[0-100]
2024-10-04 20:56:20,GUR-SEL TURIZM ISTANBUL 6233,transportation,-50.0,[0-100]
2024-10-04 18:46:48,GUR-SEL TURIZM ISTANBUL 6233,transportation,-40.0,[0-100]
2024-10-04 15:33:54,HOMER KITAPEVI ISTANBUL 6233,education,-65.22,[0-100]
2024-10-04 14:39:06,"ÜCRET H2410649261480 500,00 TRY ÜZ.",money_transfer,-4.43,[0-100]
2024-10-04 14:39:06,DOĞA KURTOĞLU*TR380004601442888000091771*DOĞA KURTOĞLU TARAFINDAN AKTARILAN*1831381283 H2410649261480*FAST,money_transfer,-500.0,[100-500]
2024-10-04 13:51:03,KOPUKLU KAHVE GIDA ISTANBUL 6233,food,-25.0,[0-100]
2024-10-04 13:39:40,HESAP AÇMA İŞLEMİ 3485:0410248 -> 3485:0721674 3485/0721674 H,other,-132000.0,[5000+]
2024-10-04 13:35:52,"ÜCRET H2410648762177 18000,00 TRY ÜZ.",money_transfer,-8.86,[0-100]
2024-10-04 13:35:52,DOĞA KURTOĞLU*TR380004601442888000091771*DOĞA KURTOĞLU TARAFINDAN AKTARILAN*1831113892 H2410648762177*FAST,money_transfer,-18000.0,[5000+]
2024-10-03 17:35:05,KUCUK EV SABANCI UNIVER ISTANBUL 6233,food,-144.0,[100-500]
2024-10-01 00:47:42,"ÜCRET H2410631692379 1000,00 TRY ÜZ.",money_transfer,-4.43,[0-100]
2024-10-01 00:47:42,DOĞA KURTOĞLU*TR380004601442888000091771*DOĞA KURTOĞLU TARAFINDAN AKTARILAN*1821418573 H2410631692379*FAST,money_transfer,-1000.0,[500-1000]
2024-09-30 10:58:59,INTERNET .DVZ ALIŞ KMV TUT. 9136.05 ÜZERİNDEN KMV %0.2,other,-18.27,[0-100]
2024-09-30 10:58:59,3485-0390787 İNTERNETTEN DÖVİZ ALIŞ,other,-9136.05,[5000+]
2024-09-30 10:55:31,INTERNET .DVZ ALIŞ KMV TUT. 3442.77 ÜZERİNDEN KMV %0.2,other,-6.89,[0-100]
2024-09-30 10:55:31,3485-0390773 İNTERNETTEN DÖVİZ ALIŞ,other,-3442.77,[2000-5000]
2024-09-30 10:49:26,HESAP AÇMA İŞLEMİ 3485:0410248 -> 3485:0719425 3485/0719425 H,other,-150000.0,[5000+]
2024-09-29 14:28:23,"ÜCRET H2409624261306 110,00 TRY ÜZ.",money_transfer,-4.43,[0-100]
2024-09-29 14:28:23,KEREM SIRTIKIZIL*TR050004600115888000242620*DOĞA KURTOĞLU TARAFINDAN AKTARILAN*1817597225 H2409624261306*FAST,money_transfer,-110.0,[100-500]
2024-09-28 23:15:43,MERCAN KOKOREC ISTANBUL 6233,food,-180.0,[100-500]
2024-09-28 19:38:18,PENTI ISTANBUL BESIKTAS ISTANBUL 6233,clothing,-186.98,[100-500]
2024-09-28 18:12:15,POCO MATCHA ISTANBUL 6233,coffee,-340.0,[100-500]
2024-09-28 17:04:32,"ÜCRET H2409622380337 251,00 TRY ÜZ.",money_transfer,-4.43,[0-100]
2024-09-28 17:04:32,KEREM SIRTIKIZIL*TR050004600115888000242620*DOĞA KURTOĞLU TARAFINDAN AKTARILAN*1816406714 H2409622380337*FAST,money_transfer,-251.0,[100-500]
2024-09-28 16:40:25,M.SARAYLAR DARONCO K ISTANBUL 6233,other,-222.5,[100-500]
2024-09-28 16:00:53,S/SICPA TURKEY MUZE ISTANBUL 6233,other,-60.0,[0-100]
2024-09-28 13:19:25,AYPARA ODEME/BELBIM ISTANBUL 6233,market & shopping,-51.0,[0-100]
2024-09-27 20:19:56,MIGROS KURTKOY LENS AVM ISTANBUL 6233,market & shopping,-70.0,[0-100]
2024-09-27 20:05:39,KRISPY KREME KURTKOY LE ISTANBUL 6233,other,-390.0,[100-500]
2024-09-27 19:54:23,HOOK RESTORANT ISTANBUL 6233,food,-400.0,[100-500]
2024-09-27 18:31:51,WWW.TRENDYOL.COM ISTANBUL 6233,clothing,-354.98,[100-500]
2024-09-27 14:39:35,STARBUCKS CARD MOBIL ISTANBUL 6233,coffee,-85.0,[0-100]
2024-09-27 14:18:01,STARBUCKS CARD MOBIL ISTANBUL 6233,coffee,-75.0,[0-100]
2024-09-27 13:17:54,DOĞA KURTOĞLU KILAVUZ HE SAPTAN AKTARILAN,money_transfer,-20000.0,[5000+]
2024-09-27 12:02:30,KUCUK EV SABANCI UNIVER ISTANBUL 6233,food,-200.0,[100-500]
2024-09-26 19:33:47,SELF GIDA SANAYI VE TICARISTANBUL 6233,food,-220.0,[100-500]
2024-09-26 11:55:15,SELF GIDA SANAYI VE TICARISTANBUL 6233,food,-185.0,[100-500]
2024-09-26 11:45:43,HOMER KITAPEVI ISTANBUL 6233,education,-235.0,[100-500]
2024-09-25 21:25:08,"ÜCRET H2409611777938 730,00 TRY ÜZ.",money_transfer,-4.43,[0-100]
2024-09-25 21:25:08,KEREM SIRTIKIZIL*TR050004600115888000242620*DOĞA KURTOĞLU TARAFINDAN AKTARILAN*1810349227 H2409611777938*FAST,money_transfer,-730.0,[500-1000]
2024-09-25 21:01:18,"ÜCRET H2409611705598 140,00 TRY ÜZ.",money_transfer,-4.43,[0-100]
2024-09-25 21:01:18,KEREM SIRTIKIZIL*TR050004600115888000242620*DOĞA KURTOĞLU TARAFINDAN AKTARILAN*1810307962 H2409611705598*FAST,money_transfer,-140.0,[100-500]
2024-09-25 20:35:59,CHAKRA ISTANBUL VIAPORT ISTANBUL 6233,clothing,-206.99,[100-500]
2024-09-25 20:18:46,DIRK ROSSMANN M ISTANBUL 6233,cosmetics,-623.75,[500-1000]
2024-09-25 19:57:17,YATAS YATAK VE YORGAN S ISTANBUL 6233,clothing,-325.15,[100-500]
2024-09-25 18:38:42,GUR-SEL TURIZM ISTANBUL 6233,transportation,-100.0,[0-100]
2024-09-25 13:40:53,SABANCI UNIVERSITE ISTANBUL 6233,education,-1000.0,[500-1000]
2024-09-25 11:09:39,STARBUCKS CARD MOBIL ISTANBUL 6233,coffee,-85.0,[0-100]
2024-09-24 14:04:59,SABANCI UNIVERSITE ISTANBUL 6233,education,-200.0,[100-500]
2024-09-24 11:23:26,STARBUCKS CARD MOBIL ISTANBUL 6233,coffee,-90.0,[0-100]
2024-09-23 13:42:25,SABANCI UNIVERSITE ISTANBUL 6233,education,-200.0,[100-500]
2024-09-22 21:59:43,CADDE CAFE TURIZM VESERV ISTANBUL 6233,coffee,-1450.0,[1000-2000]
2024-09-21 18:04:52,MIGROS M KIBRIS SEHIT. IZMIR 6233,market & shopping,-9.75,[0-100]
2024-09-21 01:16:07,İNTERAKTİF/4543********5500 İŞCEP KRE.KART BORÇ ÖDEME,transportation,-1660.0,[1000-2000]
2024-09-18 00:08:23,LOREAL TURKIYE KOZMETIK-KISTANBUL 6233,cosmetics,-1350.0,[1000-2000]
2024-09-16 18:38:40,DOST MARKET IZMIR 6233,market & shopping,-7.5,[0-100]
2024-09-16 11:53:25,DOĞA KURTOĞLU KILAVUZ HE SAPTAN AKTARILAN,money_transfer,-15000.0,[5000+]
2024-09-15 18:52:10,CAGLAR NISANCI IZMIR 6233,other,-200.0,[100-500]
2024-09-15 18:40:57,MESHUR ACARLAR IZMIR 6233,other,-20.0,[0-100]
2024-09-14 19:13:47,"ÜCRET H2409561430286 1100,00 TRY ÜZ.",money_transfer,-4.43,[0-100]
2024-09-14 19:13:47,FADİME DEMİR*TR710011100000000089026606*DOĞA KURTOĞLU TARAFINDAN AKTARILAN*1782711168 H2409561430286*FAST,money_transfer,-1100.0,[1000-2000]
2024-09-14 14:37:56,TAKSIDE POS ISTANBUL 6233,other,-418.91,[100-500]
2024-09-14 14:31:53,"ÜCRET H2409560483325 90,00 TRY ÜZ.",money_transfer,-4.43,[0-100]
2024-09-14 14:31:53,NİHAT KOCAMANOĞLI*TR190013400000065459000015*DOĞA KURTOĞLU TARAFINDAN AKTARILAN*1782081463 H2409560483325*FAST,money_transfer,-90.0,[0-100]
2024-09-14 00:13:55,BOSTANLI ET DUNYASI IZMIR 6233,other,-400.0,[100-500]
2024-09-13 18:29:59,STARBUCKS CARD MOBIL ISTANBUL 6233,coffee,-75.0,[0-100]
2024-09-13 17:13:32,YEMEKSEPETI ISTANBUL 6233,food,-561.24,[500-1000]
2024-09-13 14:24:45,IZMIRIM KART WEB DOL IZMIR 6233,transportation,-20.0,[0-100]
2024-09-12 21:07:55,"ÜCRET H2409554109058 98000,00 TRY ÜZ.",money_transfer,-8.86,[0-100]
2024-09-12 21:07:55,DOĞA KURTOĞLU*TR380004601442888000091771*DOĞA KURTOĞLU TARAFINDAN AKTARILAN*1778526115 H2409554109058*FAST,money_transfer,-98000.0,[5000+]
2024-09-11 16:52:31,OSAB RESTORAN BOSTANLI IZMIR 6233,other,-365.0,[100-500]
2024-09-11 15:24:20,IZMIRIM KART WEB DOL IZMIR 6233,transportation,-20.0,[0-100]
2024-09-11 14:36:53,SOLE ACCESSORY IZMIR 6233,clothing,-280.0,[100-500]
2024-09-10 12:59:24,TOPLU TASIMA UCRETI IZMIR 6233,other,-19.5,[0-100]
2024-09-05 11:13:04,"EFT ÜCRET*SRG0048909* 110,80TL*MAKTU**+BSMV 3485/3929921 *MUH",money_transfer,-110.8,[100-500]
2024-09-05 11:13:04,DOĞA KURTOĞLU*TR380004601442888000091771*DOĞA KURTOĞLU TARAFINDAN AKTARILAN*0048909,money_transfer,-600000.0,[5000+]
2024-09-04 15:34:41,IYZICO*BLUTV.COM ISTANBUL 6233,market & shopping,-1078.8,[1000-2000]
2024-09-04 14:48:45,DENIZPARK IZMIR 6233,other,-20.0,[0-100]
2024-09-03 00:14:08,HESAP AÇMA İŞLEMİ 3485:0410248 -> 3485:0712053 3485/0712053 H,other,-825000.0,[5000+]
2024-09-02 21:06:23,TAKSIPAY IZMIR 6233,other,-167.95,[100-500]
2024-09-02 20:40:02,TOPLU TASIMA UCRETI IZMIR 6233,other,-19.5,[0-100]
2024-09-02 18:43:58,CEY CEY KAFE IZMIR 6233,other,-68.0,[0-100]
2024-09-02 16:01:17,CAFFE NERO-HILL TOWN KAR IZMIR 6233,coffee,-162.0,[100-500]
2024-09-02 14:53:12,ATAKENT KEYIF IZMIR 6233,other,-110.0,[100-500]
2024-08-31 19:29:30,09821 NUMARALI BANKAMATİK TEN PARA ÇEKME,other,-500.0,[100-500]
2024-08-31 19:13:25,STUDIO HOUSE IZMIR 6233,other,-380.0,[100-500]
2024-08-31 14:56:33,ALSANCAK DOSTLARFIRINI GIIZMIR 6233,other,-30.0,[0-100]
2024-08-28 07:57:28,CEMRE 1 KUZEY IZMIR 6233,other,-1500.0,[1000-2000]
2024-08-27 22:47:03,AIRBNB * HMPPN54AMW 6233,travel,-3759.99,[2000-5000]
2024-08-27 13:08:22,GETIR PERAKENDE ISTANBUL 6233,other,-257.08,[100-500]
2024-08-27 00:43:39,HOUSE OF RENE IZMIR 6233,other,-655.0,[500-1000]
2024-08-26 22:52:07,SPOTIFY 6233,subscriptions,-59.99,[0-100]
2024-08-26 17:43:47,YEMEKSEPETI ISTANBUL 6233,food,-443.7,[100-500]
2024-08-25 16:40:56,SHELL KARSIYAKA IZMIR 6233,fuel,-1000.0,[500-1000]
2024-08-21 18:40:53,KAHVE DUNYASI IZMIR SWI IZMIR 6233,dessert,-55.0,[0-100]
2024-08-21 18:40:19,KAHVE DUNYASI IZMIR SWI IZMIR 6233,dessert,-140.0,[100-500]
2024-08-21 17:32:19,YAGHANECIPETROL IZMIR 6233,fuel,-1500.0,[1000-2000]
2024-08-20 22:35:50,STUDIO HOUSE IZMIR 6233,other,-225.0,[100-500]
2024-08-19 18:51:20,MIGROS ALSANCAK MACROCE IZMIR 6233,market & shopping,-29.95,[0-100]
2024-08-19 18:24:19,NOW TEKEL GIDA SANAYI VE IZMIR 6233,food,-10.0,[0-100]
2024-08-19 18:16:37,ACIK ALAN OTOPARKLAR IZMIR 6233,other,-70.0,[0-100]
2024-08-18 20:05:52,TUSEM PETROL IZMIR 6233,fuel,-1000.0,[500-1000]
2024-08-16 15:21:02,WHITE BEACH IZMIR 6233,other,-3000.0,[2000-5000]
2024-08-16 13:12:19,STARBUCKS CARD MOBIL ISTANBUL 6233,coffee,-15.0,[0-100]
2024-08-15 22:27:08,KAVALA WINE BISTRO BAR IZMIR 6233,coffee,-260.0,[100-500]
2024-08-15 12:05:54,FLYPEGASUS PGS333637008 ISTANBUL 6233,transportation,-5636.0,[5000+]
2024-08-15 08:05:15,SARITAS TURIZM INSAAT TI IZMIR 6233,travel,-135.0,[100-500]
2024-08-14 08:01:00,TANKAR OTOMOTIV PETROL IZMIR 6233,fuel,-2000.0,[1000-2000]
2024-08-14 08:00:57,TANKAR OTOMOTIV PETROL IZMIR 6233,fuel,-135.0,[100-500]
2024-08-13 18:30:26,ACIK ALAN OTOPARKLAR IZMIR 6233,other,-70.0,[0-100]
2024-08-12 16:07:56,WWW.TRENDYOL.COM ISTANBUL 6233,clothing,-224.0,[100-500]
2024-08-10 21:34:47,RASA COMMUNITY IZMIR 6233,other,-260.0,[100-500]
2024-08-09 20:42:55,STUDIO HOUSE IZMIR 6233,other,-515.0,[500-1000]
2024-08-07 18:49:48,YEMEKSEPETI MARKET ISTANBUL 6233,market & shopping,-283.58,[100-500]
2024-08-07 17:30:35,YAGHANECIPETROL IZMIR 6233,fuel,-1500.0,[1000-2000]
2024-08-06 19:48:39,15370 NUMARALI BANKAMATİK TEN PARA ÇEKME,other,-4000.0,[2000-5000]
2024-08-05 19:46:06,ÖNPROVIZYON KAPAMA HESAPTAN DÜŞME 6233,other,-1105.46,[1000-2000]
2024-08-05 18:14:47,WATSONS-MAVIBAHCE IZMIR 6233,cosmetics,-166.9,[100-500]
2024-08-05 18:07:36,SHEISMONO IZMIR 6233,clothing,-974.9,[500-1000]
2024-08-05 14:08:14,IYZICO*BLUTV.COM ISTANBUL 6233,market & shopping,-179.9,[100-500]
2024-08-05 14:08:11,IYZICO*BLUTV.COM ISTANBUL 6233,market & shopping,-1.0,[0-100]
2024-08-04 17:06:11,BABONGO PIZZA IZMIR 6233,food,-120.0,[100-500]
2024-08-04 16:47:56,DUT CAFE IZMIR 6233,coffee,-175.0,[100-500]
2024-08-04 13:19:16,CEMRE 1 KUZEY IZMIR 6233,other,-1000.0,[500-1000]
2024-07-31 14:48:36,DIRIL ECZANESI IZMIR 6233,health,-506.0,[500-1000]
2024-07-31 14:41:14,13084 NUMARALI BANKAMATİK TEN PARA ÇEKME,other,-500.0,[100-500]
2024-07-31 12:06:54,02765 NUMARALI BANKAMATİK TEN PARA ÇEKME,other,-3200.0,[2000-5000]
2024-07-31 11:43:12,SBX IZM ALSANCAK RESERV IZMIR 6233,food,-199.0,[100-500]
2024-07-31 11:27:31,SOLE ACCESSORY IZMIR 6233,clothing,-1400.0,[1000-2000]
2024-07-26 22:47:15,SPOTIFY 6233,subscriptions,-59.99,[0-100]
2024-07-13 19:30:05,"ÜCRET H2407297179186 300,00 TRY ÜZ.",money_transfer,-4.43,[0-100]
2024-07-13 19:30:05,EMREHAN ÖZAY*TR230006701000000052928510*DOĞA KURTOĞLU TARAFINDAN AKTARILAN*1638717290 H2407297179186*FAST,money_transfer,-300.0,[100-500]
2024-07-02 22:49:22,AIRBNB * HM9KAPPW9K 6233,travel,-4916.58,[2000-5000]
2024-07-02 22:49:22,AIRBNB * TAB4AMCZ 6233,travel,-4303.44,[2000-5000]
2024-07-01 08:18:47,İNTERAKTİF/4543********5500 İŞCEP KRE.KART BORÇ ÖDEME,transportation,-516.66,[500-1000]
2024-06-26 22:48:34,SPOTIFY 6233,subscriptions,-32.99,[0-100]
2024-06-25 10:24:50,İNTERAKTİF/4543********5500 İŞCEP KRE.KART BORÇ ÖDEME,transportation,-3584.0,[2000-5000]
2024-06-21 09:20:01,AYPARA ODEME/BELBIM ISTANBUL 6233,market & shopping,-10.0,[0-100]
2024-06-20 21:30:32,YEMEKSEPETI ISTANBUL 6233,food,-230.35,[100-500]
2024-06-20 20:02:41,ALBATROS BUFE IZMIR 6233,other,-1000.0,[500-1000]
2024-06-20 15:21:31,MINISO MAVIBAHCE AVM IZMIR 6233,other,-610.23,[500-1000]
2024-06-20 15:14:27,DIRK ROSSMANN MAGAZACIL IZMIR 6233,cosmetics,-658.5,[500-1000]
2024-06-20 14:28:08,ORGANIK ECZANE IZMIR 6233,health,-1464.0,[1000-2000]
2024-06-20 14:05:33,MIGROS MAVIBAHCE IZMIR IZMIR 6233,market & shopping,-10.75,[0-100]
2024-06-19 22:04:55,35 EN GOZDE IZMIR 6233,other,-585.0,[500-1000]
2024-06-18 17:36:18,SKECHERS HILLTOWN IZMIR 6233,clothing,-2599.0,[2000-5000]
2024-06-18 15:45:42,OXXO-KARSIYAKA HILLTOWN IZMIR 6233,clothing,-259.95,[100-500]
2024-06-18 11:53:03,PARAM.*GETIR ISTANBUL 6233,other,-259.08,[100-500]
2024-06-17 22:21:36,NOKTA MARKET RAMAZAN DA IZMIR 6233,market & shopping,-15.0,[0-100]
2024-06-17 22:11:54,SHELL PETROL A.S. IZMIR 6233,fuel,-66.0,[0-100]
2024-06-17 22:06:30,CIGKOFTE MIDYE SATIS IZMIR 6233,other,-40.0,[0-100]
2024-06-17 19:33:46,SBX IZM ISTINYE PARK IZ IZMIR 6233,food,-75.0,[0-100]
2024-06-17 19:08:57,YOMUMU FROZEN IZMIR 6233,dessert,-85.0,[0-100]
2024-06-16 17:36:02,YEMEKSEPETI ISTANBUL 6233,food,-483.35,[100-500]
2024-06-15 20:59:43,17675 NUMARALI BANKAMATİK TEN PARA ÇEKME,other,-100.0,[0-100]
2024-06-15 17:39:51,BOHEME BEACH IZMIR 6233,other,-2500.0,[2000-5000]
2024-06-15 00:54:58,SHAYA MAGAZACILIK A.S. ISTANBUL 6233,clothing,-1050.0,[1000-2000]
2024-06-13 18:25:21,FLYPEGASUS PGS326789735 ISTANBUL 6233,transportation,-1709.99,[1000-2000]
2024-06-12 23:47:05,TOPLU TASIMA UCRETI IZMIR 6233,other,-13.0,[0-100]
2024-06-12 23:37:08,KELVIN IZMIR 6233,other,-320.0,[100-500]
2024-06-10 22:50:11,LOTUS RESTAURANT&HOME ISTANBUL 6233,food,-750.0,[500-1000]
2024-06-09 20:30:56,THE POPULIST ISTANBUL 6233,other,-357.5,[100-500]
2024-06-09 15:19:58,ANZER GIDA TURIZM TICAR ISTANBUL 6233,food,-660.0,[500-1000]
2024-06-09 12:58:09,ATLI OTOMOTIV ISTANBUL 6233,other,-1000.0,[500-1000]
2024-06-09 12:57:51,ATLI PETROL ISTANBUL 6233,fuel,-40.0,[0-100]
2024-06-08 18:28:43,SELF GIDA SANAYI VE TICARISTANBUL 6233,food,-205.0,[100-500]
2024-06-08 11:56:40,SBX IST SABANCI UNIVERS ISTANBUL 6233,food,-110.0,[100-500]
2024-06-08 02:41:50,SHAYA MAGAZACILIK A.S. ISTANBUL 6233,clothing,-4090.01,[2000-5000]
2024-06-07 21:16:11,ATLI PETROL ISTANBUL 6233,fuel,-165.0,[100-500]
2024-06-07 21:15:35,ATLI PETROL ISTANBUL 6233,fuel,-225.0,[100-500]
2024-06-07 15:53:56,SELF GIDA SANAYI VE TICARISTANBUL 6233,food,-170.0,[100-500]
2024-06-07 08:53:37,STARBUCKS CARD MOBIL ISTANBUL 6233,coffee,-200.0,[100-500]
2024-06-06 20:57:15,SBX IST SABANCI UNIVERS ISTANBUL 6233,food,-75.0,[0-100]
2024-06-06 19:25:50,STARBUCKS CARD MOBIL ISTANBUL 6233,coffee,-120.0,[100-500]
2024-06-06 10:42:15,PIZZA RESTAURANTLARI ISTANBUL 6233,food,-70.0,[0-100]
2024-06-05 22:42:18,FATMA KARAGOZ ISTANBUL 6233,other,-305.0,[100-500]
2024-06-05 19:05:45,PIZZA RESTAURANTLARI ISTANBUL 6233,food,-70.0,[0-100]
2024-06-05 18:09:05,SELF GIDA SANAYI VE TICARISTANBUL 6233,food,-215.0,[100-500]
2024-06-05 15:41:59,KUCUK EV SABANCI UNIVER ISTANBUL 6233,food,-52.0,[0-100]
2024-06-05 11:04:05,SABANCI UNIVERSITESI ISTANBUL 6233,education,-40.0,[0-100]
2024-06-05 09:40:40,PIZZA RESTAURANTLARI ISTANBUL 6233,food,-70.0,[0-100]
2024-06-04 21:45:03,STARBUCKS CARD MOBIL ISTANBUL 6233,coffee,-3.0,[0-100]
2024-06-04 21:43:33,STARBUCKS CARD MOBIL ISTANBUL 6233,coffee,-100.0,[0-100]
2024-06-04 17:18:34,KUCUK EV SABANCI UNIVER ISTANBUL 6233,food,-45.0,[0-100]
2024-06-04 17:16:04,KUCUK EV SABANCI UNIVER ISTANBUL 6233,food,-284.0,[100-500]
2024-06-04 15:21:04,KUCUK EV SABANCI UNIVER ISTANBUL 6233,food,-60.0,[0-100]
2024-06-04 10:41:55,SABANCI UNIVERSITESI ISTANBUL 6233,education,-110.0,[100-500]
2024-06-03 17:14:05,"ÜCRET H2406119787671 90,00 TRY ÜZ.",money_transfer,-4.43,[0-100]
2024-06-03 17:14:05,UMUT CAN ÇUBUKÇU*TR140004600348888000256804*DOĞA KURTOĞLU TARAFINDAN AKTARILAN*1546467201 H2406119787671*FAST,money_transfer,-90.0,[0-100]
2024-06-03 14:39:57,SBX IST SABANCI UNIVERS ISTANBUL 6233,food,-75.0,[0-100]
2024-06-02 19:46:10,KUCUK EV SABANCI UNIVER ISTANBUL 6233,food,-257.0,[100-500]
2024-06-02 17:11:16,EKMOT GIDA ANONIM SIRKE ISTANBUL 6233,food,-125.0,[100-500]
2024-06-02 15:53:00,KUCUK EV SABANCI UNIVER ISTANBUL 6233,food,-47.0,[0-100]
2024-06-02 13:27:20,PIZZA RESTAURANTLARI ISTANBUL 6233,food,-60.0,[0-100]
2024-06-02 11:36:57,"ÜCRET H2406113913144 230,00 TRY ÜZ.",money_transfer,-4.43,[0-100]
2024-06-02 11:36:57,KEREM SIRTIKIZIL*TR050004600115888000242620*STARBUCKS MUŞU*1543089188 H2406113913144*FAST,coffee,-230.0,[100-500]
2024-06-01 19:18:36,"ÜCRET H2406112756378 380,00 TRY ÜZ.",money_transfer,-4.43,[0-100]
2024-06-01 19:18:36,KEREM SIRTIKIZIL*TR050004600115888000242620*DOĞA KURTOĞLU TARAFINDAN AKTARILAN*1542343902 H2406112756378*FAST,money_transfer,-380.0,[100-500]
2024-05-31 17:47:30,STARBUCKS CARD MOBIL ISTANBUL 6233,coffee,-15.0,[0-100]
2024-05-31 17:46:36,STARBUCKS CARD MOBIL ISTANBUL 6233,coffee,-100.0,[0-100]
2024-05-31 16:51:03,KUCUK EV SABANCI UNIVER ISTANBUL 6233,food,-263.0,[100-500]
2024-05-31 12:44:13,KUCUK EV SABANCI UNIVER ISTANBUL 6233,food,-112.0,[100-500]
2024-05-30 20:15:07,BIG CHEFS LENS AVM ISTANBUL 6233,other,-550.0,[500-1000]
2024-05-29 19:34:53,EKMOT GIDA ANONIM SIRKE ISTANBUL 6233,food,-270.0,[100-500]
2024-05-29 15:27:19,KUCUK EV SABANCI UNIVER ISTANBUL 6233,food,-199.0,[100-500]
2024-05-29 13:16:48,KUCUK EV SABANCI UNIVER ISTANBUL 6233,food,-60.0,[0-100]
2024-05-29 09:49:36,STARBUCKS CARD MOBIL ISTANBUL 6233,coffee,-250.0,[100-500]
2024-05-28 19:15:06,KUCUK EV SABANCI UNIVER ISTANBUL 6233,food,-76.0,[0-100]
2024-05-28 14:26:46,KUCUK EV SABANCI UNIVER ISTANBUL 6233,food,-49.0,[0-100]
2024-05-28 12:34:35,STARBUCKS CARD MOBIL ISTANBUL 6233,coffee,-4.0,[0-100]
2024-05-28 12:33:32,STARBUCKS CARD MOBIL ISTANBUL 6233,coffee,-100.0,[0-100]
2024-05-28 12:32:03,STARBUCKS CARD MOBIL ISTANBUL 6233,coffee,-70.0,[0-100]
2024-05-28 10:28:36,SBX IST SABANCI UNIVERS ISTANBUL 6233,food,-110.0,[100-500]
2024-05-27 22:46:48,SPOTIFY 6233,subscriptions,-32.99,[0-100]
2024-05-27 19:55:40,SELF GIDA SANAYI VE TICARISTANBUL 6233,food,-180.0,[100-500]
2024-05-27 19:18:07,"ÜCRET H2405092963123 225,00 TRY ÜZ.",money_transfer,-4.43,[0-100]
2024-05-27 19:18:07,KARYA SERT*TR310004600713888000145225*DOĞA KURTOĞLU TARAFINDAN AKTARILAN*1531005027 H2405092963123*FAST,money_transfer,-225.0,[100-500]
2024-05-27 11:24:19,KUCUK EV SABANCI UNIVER ISTANBUL 6233,food,-112.0,[100-500]
2024-05-26 19:26:33,SAFA RESTORAN GIDA INSA ISTANBUL 6233,food,-470.0,[100-500]
2024-05-26 17:11:51,SABANCI UNIVERSITESI ISTANBUL 6233,education,-60.0,[0-100]
2024-05-26 11:26:19,SBX IST SABANCI UNIVERS ISTANBUL 6233,food,-224.0,[100-500]
2024-05-25 20:10:09,SELF GIDA SANAYI VE TICARISTANBUL 6233,food,-180.0,[100-500]
2024-05-25 14:03:13,PIZZA RESTAURANTLARI ISTANBUL 6233,food,-130.0,[100-500]
2024-05-25 12:46:02,KUGUKOY RESTAURANT ISTANBUL 6233,food,-595.0,[500-1000]
2024-05-24 19:52:06,PIZZA RESTAURANTLARI ISTANBUL 6233,food,-5.0,[0-100]
2024-05-24 12:57:50,PIZZA RESTAURANTLARI ISTANBUL 6233,food,-60.0,[0-100]
2024-05-24 11:56:39,KUCUK EV SABANCI UNIVER ISTANBUL 6233,food,-92.0,[0-100]
2024-05-23 18:06:19,SELF GIDA SANAYI VE TICARISTANBUL 6233,food,-190.0,[100-500]
2024-05-23 12:19:10,SBX IST SABANCI UNIVERS ISTANBUL 6233,food,-100.0,[0-100]
2024-05-23 12:15:20,STARBUCKS CARD MOBIL ISTANBUL 6233,coffee,-33.0,[0-100]
2024-05-23 11:47:36,KUCUK EV SABANCI UNIVER ISTANBUL 6233,food,-92.0,[0-100]
2024-05-22 22:21:21,SIPAY*MATIK OTOMAT ISTANBUL 6233,other,-14.0,[0-100]
2024-05-22 12:10:11,PIZZA RESTAURANTLARI ISTANBUL 6233,food,-60.0,[0-100]
2024-05-21 22:14:39,PIZZA RESTAURANTLARI ISTANBUL 6233,food,-60.0,[0-100]
2024-05-21 17:01:16,EKMOT GIDA ANONIM SIRKE ISTANBUL 6233,food,-80.0,[0-100]
2024-05-21 11:33:55,İNTERAKTİF/4543********5500 İŞCEP KRE.KART BORÇ ÖDEME,transportation,-47.0,[0-100]
2024-05-21 10:23:08,SBX IST SABANCI UNIVERS ISTANBUL 6233,food,-105.0,[100-500]
2024-05-20 19:32:35,"ÜCRET H2405066436216 142,50 TRY ÜZ.",money_transfer,-4.43,[0-100]
2024-05-20 19:32:35,KEREM SIRTIKIZIL*TR050004600115888000242620*DOĞA KURTOĞLU TARAFINDAN AKTARILAN*1516349861 H2405066436216*FAST,money_transfer,-142.5,[100-500]
2024-05-20 19:05:03,HOUSE OF B ISTANBUL 6233,other,-285.0,[100-500]
2024-05-20 13:07:15,PIZZA RESTAURANTLARI ISTANBUL 6233,food,-70.0,[0-100]
2024-05-20 11:37:24,KUCUK EV SABANCI UNIVER ISTANBUL 6233,food,-49.0,[0-100]
2024-05-19 20:27:07,"ÜCRET H2405061580228 100,00 TRY ÜZ.",money_transfer,-4.43,[0-100]
2024-05-19 20:27:07,KEREM SIRTIKIZIL*TR050004600115888000242620*DOĞA KURTOĞLU TARAFINDAN AKTARILAN*1513697201 H2405061580228*FAST,money_transfer,-100.0,[0-100]
2024-05-19 16:07:52,EKMOT GIDA ANONIM SIRKE ISTANBUL 6233,food,-180.0,[100-500]
2024-05-19 13:08:03,EKMOT GIDA ANONIM SIRKE ISTANBUL 6233,food,-150.0,[100-500]
2024-05-18 20:33:14,SU SARKUTERI ISTANBUL 6233,other,-615.0,[500-1000]
2024-05-18 19:31:53,SAPA RESTAURANT ISTANBUL 6233,food,-350.0,[100-500]
2024-05-18 17:55:05,SAPA RESTAURANT ISTANBUL 6233,food,-350.0,[100-500]
2024-05-18 17:13:37,ATLI OTOMOTIV ISTANBUL 6233,other,-1000.0,[500-1000]
2024-05-17 22:29:56,"ÜCRET H2405056488664 100,00 TRY ÜZ.",money_transfer,-4.43,[0-100]
2024-05-17 22:29:56,MURAT CAN AKBAŞ*TR020011100000000131055329*DOĞA KURTOĞLU TARAFINDAN AKTARILAN*1510696678 H2405056488664*FAST,money_transfer,-100.0,[0-100]
2024-05-17 21:09:10,MATTERS TURIZM LTD. STI. ISTANBUL 6233,travel,-20.0,[0-100]
2024-05-17 21:06:11,IYZICO /UNICOURSE.CO ISTANBUL 6233,market & shopping,-990.0,[500-1000]
2024-05-17 20:24:33,SU SARKUTERI ISTANBUL 6233,other,-600.0,[500-1000]
2024-05-17 17:57:19,"ÜCRET H2405055611350 150,00 TRY ÜZ.",money_transfer,-4.43,[0-100]
2024-05-17 17:57:19,BETÜL AVCI*TR410006200039500006635524*DOĞA KURTOĞLU TARAFINDAN AKTARILAN*1510141657 H2405055611350*FAST,money_transfer,-150.0,[100-500]
2024-05-17 17:08:35,HOUSE OF B ISTANBUL 6233,other,-235.0,[100-500]
2024-05-17 15:01:05,MATTERS ISTANBUL 6233,other,-95.0,[0-100]
2024-05-16 14:46:34,SELF GIDA SANAYI VE TICARISTANBUL 6233,food,-170.0,[100-500]
2024-05-16 11:40:15,STARBUCKS CARD MOBIL ISTANBUL 6233,coffee,-250.0,[100-500]
2024-05-15 22:19:22,HMR RESTORAN GIDA ISTANBUL 6233,food,-15.0,[0-100]
2024-05-15 20:11:55,"ÜCRET H2405046847833 80,00 TRY ÜZ.",money_transfer,-4.43,[0-100]
2024-05-15 20:11:55,KEREM SIRTIKIZIL*TR050004600115888000242620*DOĞA KURTOĞLU TARAFINDAN AKTARILAN*1505002096 H2405046847833*FAST,money_transfer,-80.0,[0-100]
2024-05-14 18:02:59,SELF GIDA SANAYI VE TICARISTANBUL 6233,food,-190.0,[100-500]
2024-05-14 13:45:14,"ÜCRET H2405036630788 150,00 TRY ÜZ.",money_transfer,-4.43,[0-100]
2024-05-14 13:45:14,KEREM SIRTIKIZIL*TR050004600115888000242620*DOĞA KURTOĞLU TARAFINDAN AKTARILAN*1499236659 H2405036630788*FAST,money_transfer,-150.0,[100-500]
2024-05-14 12:33:12,SABANCI UNIVERSITE ISTANBUL 6233,education,-500.0,[100-500]
2024-05-13 23:48:17,WWW.WATSONS.COM.TR ISTANBUL 6233,cosmetics,-1004.82,[1000-2000]
2024-05-13 14:37:10,AFA HASTANE POLIKLINIK VEISTANBUL 6233,other,-1550.0,[1000-2000]
2024-05-13 14:35:28,AFA HASTANE POLIKLINIK VEISTANBUL 6233,other,-3000.0,[2000-5000]
2024-05-13 12:25:59,SBX IST SABANCI UNIVERS ISTANBUL 6233,food,-105.0,[100-500]
2024-05-12 20:40:14,2030 CARREFOUR TUZLA VI ISTANBUL 6233,market & shopping,-692.39,[500-1000]
2024-05-12 20:01:32,YVES ROCHER TUZLA MA ISTANBUL 6233,cosmetics,-264.42,[100-500]
2024-05-12 19:43:19,TUZLA VIAPORT MARINA HD ISTANBUL 6233,other,-229.0,[100-500]
2024-05-12 17:37:00,ATLI OTOMOTIV NAK.SAN.TICISTANBUL 6233,other,-1000.0,[500-1000]
2024-05-12 11:50:10,"ÜCRET H2405026075676 210,00 TRY ÜZ.",money_transfer,-4.43,[0-100]
2024-05-12 11:50:10,KEREM SIRTIKIZIL*TR050004600115888000242620*MUŞBEBİŞİ*1494714693 H2405026075676*FAST,money_transfer,-210.0,[100-500]
2024-05-11 19:02:11,SIPAY/MATIK OTOMAT ISTANBUL 6233,other,-34.0,[0-100]
2024-05-11 19:01:54,SIPAY/MATIK OTOMAT ISTANBUL 6233,other,-14.0,[0-100]
2024-05-11 14:11:31,SABANCI UNIVERSITESI ISTANBUL 6233,education,-155.0,[100-500]
2024-05-10 20:18:00,KUCUK EV SABANCI UNIVER ISTANBUL 6233,food,-56.0,[0-100]
2024-05-10 15:45:54,PIZZA RESTAURANTLARI ISTANBUL 6233,food,-120.0,[100-500]
2024-05-10 09:59:19,STARBUCKS CARD MOBIL ISTANBUL 6233,coffee,-200.0,[100-500]
2024-05-09 19:00:02,EKMOT GIDA ANONIM SIRKE ISTANBUL 6233,food,-190.0,[100-500]
2024-05-09 18:29:54,SELF GIDA SANAYI VE TICARISTANBUL 6233,food,-170.0,[100-500]
2024-05-09 13:06:26,PIZZA RESTAURANTLARI ISTANBUL 6233,food,-155.0,[100-500]
2024-05-09 08:48:44,SBX IST SABANCI UNIVERS ISTANBUL 6233,food,-105.0,[100-500]
2024-05-08 14:43:57,"ÜCRET H2405011882098 180,00 TRY ÜZ.",money_transfer,-4.43,[0-100]
2024-05-08 14:43:57,KEREM SIRTIKIZIL*TR050004600115888000242620*DOĞA KURTOĞLU TARAFINDAN AKTARILAN*1486078968 H2405011882098*FAST,money_transfer,-180.0,[100-500]
2024-05-08 11:08:43,PIZZA RESTAURANTLARI ISTANBUL 6233,food,-60.0,[0-100]
2024-05-08 10:31:30,7036 ISTANBUL SABANCI U ISTANBUL 6233,education,-133.0,[100-500]
2024-05-08 10:01:45,KUCUK EV SABANCI UNIVER ISTANBUL 6233,food,-80.0,[0-100]
2024-05-07 19:32:33,HMR RESTORAN GIDA ISTANBUL 6233,food,-30.0,[0-100]
2024-05-07 19:02:10,HMR RESTORAN GIDA ISTANBUL 6233,food,-150.0,[100-500]
2024-05-07 17:26:09,PIZZA RESTAURANTLARI ISTANBUL 6233,food,-60.0,[0-100]
2024-05-07 12:22:59,PIZZA RESTAURANTLARI ISTANBUL 6233,food,-60.0,[0-100]
2024-05-07 09:39:57,SBX IST SABANCI UNIVERS ISTANBUL 6233,food,-105.0,[100-500]
2024-05-06 19:39:30,EKMOT GIDA ANONIM SIRKE ISTANBUL 6233,food,-145.0,[100-500]
2024-05-06 15:45:59,KUCUK EV SABANCI UNIVER ISTANBUL 6233,food,-111.0,[100-500]
2024-05-06 15:41:32,HOMER KITAPEVI ISTANBUL 6233,education,-208.0,[100-500]
2024-05-06 11:41:47,IYZICO /MATIKOTOMAT.COM ISTANBUL 6233,market & shopping,-9.0,[0-100]
2024-05-06 10:21:42,SBX IST SABANCI UNIVERS ISTANBUL 6233,food,-195.0,[100-500]
2024-05-05 20:12:23,PUB LOCALE ISTANBUL 6233,other,-365.0,[100-500]
2024-05-05 09:55:35,ESPRESSOLAB ISTANBUL 6233,other,-140.0,[100-500]
2024-05-04 22:25:30,BOZKIR PETROL ISTANBUL 6233,fuel,-153.0,[100-500]
2024-05-04 20:54:36,SAFAK OZKAN BALIKHANE RE ISTANBUL 6233,other,-780.0,[500-1000]
2024-05-04 13:20:52,YUKSELEN YILDIZ TURIZM GIISTANBUL 6233,travel,-16.0,[0-100]
2024-05-03 19:29:35,SBX IST SABANCI UNIVERS ISTANBUL 6233,food,-95.0,[0-100]
2024-05-03 19:00:27,SELF GIDA SANAYI VE TICARISTANBUL 6233,food,-170.0,[100-500]
2024-05-03 15:10:44,KUCUK EV SABANCI UNIVER ISTANBUL 6233,food,-42.0,[0-100]
2024-05-03 10:09:38,KUCUK EV SABANCI UNIVER ISTANBUL 6233,food,-247.0,[100-500]
2024-05-03 00:16:29,SHAYA MAGAZACILIK A.S. ISTANBUL 6233,clothing,-1030.0,[1000-2000]
2024-05-02 19:23:27,HMR RESTORAN GIDA ISTANBUL 6233,food,-80.0,[0-100]
2024-05-02 16:43:05,SBX IST SABANCI UNIVERS ISTANBUL 6233,food,-110.0,[100-500]
2024-05-02 12:27:37,SABANCI UNIVERSITE ISTANBUL 6233,education,-500.0,[100-500]
2024-05-02 12:23:18,SABANCI UNIVERSITE ISTANBUL 6233,education,-1.0,[0-100]
2024-05-01 18:02:29,HMR RESTORAN GIDA ISTANBUL 6233,food,-200.0,[100-500]
2024-05-01 14:59:31,PIZZA RESTAURANTLARI ISTANBUL 6233,food,-110.0,[100-500]
2024-04-30 18:09:15,"ÜCRET H2404976392037 70,00 TRY ÜZ.",money_transfer,-4.43,[0-100]
2024-04-30 18:09:15,SALİHA YURT*TR610004600221888000198385*DOĞA KURTOĞLU TARAFINDAN AKTARILAN*1466172094 H2404976392037*FAST,money_transfer,-70.0,[0-100]
2024-04-30 17:30:53,KUCUK EV SABANCI UNIVER ISTANBUL 6233,food,-135.0,[100-500]
2024-04-30 13:26:50,PIZZA RESTAURANTLARI ISTANBUL 6233,food,-50.0,[0-100]
2024-04-30 09:50:42,STARBUCKS CARD MOBIL ISTANBUL 6233,coffee,-50.0,[0-100]
2024-04-29 22:41:10,WWW.TRENDYOL.COM ISTANBUL 6233,clothing,-2324.99,[2000-5000]
2024-04-29 19:16:04,HMR RESTORAN GIDA ISTANBUL 6233,food,-80.0,[0-100]
2024-04-29 15:09:08,PIZZA RESTAURANTLARI ISTANBUL 6233,food,-50.0,[0-100]
2024-04-28 15:09:57,ERGUN PASTANESI ISTANBUL 6233,dessert,-175.0,[100-500]
2024-04-28 14:59:05,"ÜCRET H2404966630648 100,00 TRY ÜZ.",money_transfer,-4.43,[0-100]
2024-04-28 14:59:05,KEREM SIRTIKIZIL*TR050004600115888000242620*DOĞA KURTOĞLU TARAFINDAN AKTARILAN*1460739281 H2404966630648*FAST,money_transfer,-100.0,[0-100]
2024-04-28 09:36:06,MIGROS/KALAMIS ISTANBUL 6233,market & shopping,-18.45,[0-100]
2024-04-27 21:41:31,TUZLA ETCISI ISTANBUL 6233,other,-523.5,[500-1000]
2024-04-27 20:08:22,ATLI OTOMOTIV ISTANBUL 6233,other,-1000.0,[500-1000]
2024-04-27 14:18:09,AYPARA ODEME/BELBIM ISTANBUL 6233,market & shopping,-20.0,[0-100]
2024-04-27 13:53:02,BREKKIE CROISSANT COOKI ISTANBUL 6233,dessert,-515.0,[500-1000]
2024-04-27 13:13:19,CANBAY GIDA ISTANBUL 6233,food,-10.0,[0-100]
2024-04-27 00:35:38,HMR RESTORAN GIDA ISTANBUL 6233,food,-249.9,[100-500]
2024-04-26 22:43:24,SPOTIFY 6233,subscriptions,-32.99,[0-100]
2024-04-26 20:13:27,PIZZA RESTAURANTLARI ISTANBUL 6233,food,-90.0,[0-100]
2024-04-26 17:35:43,"ÜCRET H2404961646807 1500,00 TRY ÜZ.",money_transfer,-4.43,[0-100]
2024-04-26 17:35:43,CEREN POYRAZ*TR310004600426888000338346*DOĞA KURTOĞLU*1457739283 H2404961646807*FAST,money_transfer,-1500.0,[1000-2000]
2024-04-26 14:29:03,IYZICO /UNICOURSE.CO ISTANBUL 6233,market & shopping,-990.0,[500-1000]
2024-04-26 13:53:08,SABANCI UNIVERSITESI ISTANBUL 6233,education,-90.0,[0-100]
2024-04-25 18:11:06,KUCUK EV SABANCI UNIVER ISTANBUL 6233,food,-105.0,[100-500]
2024-04-25 10:11:56,STARBUCKS CARD MOBIL ISTANBUL 6233,coffee,-100.0,[0-100]
2024-04-24 13:41:03,KUCUK EV SABANCI UNIVER ISTANBUL 6233,food,-81.0,[0-100]
2024-04-24 10:17:21,KUCUK EV SABANCI UNIVER ISTANBUL 6233,food,-82.0,[0-100]
